Date,AAPL.Close,AMZN.Close,FB.Close,GM.Close,NFLX.Close,SPY.Close
1/2/2014,79.01857,397.970001,54.709999,40.950001,51.831429,182.919998
1/3/2014,77.28286,396.440002,54.560001,39.57,51.871429,182.889999
1/6/2014,77.704285,393.630005,57.200001,40.400002,51.367142,182.360001
1/7/2014,77.148575,398.029999,57.919998,40.200001,48.5,183.479996
1/8/2014,77.637146,401.920013,58.23,40.419998,48.712856,183.520004
1/9/2014,76.645714,401.01001,57.220001,40.490002,48.150002,183.639999
1/10/2014,76.134285,397.660004,57.939999,40.029999,47.44857,184.139999
1/13/2014,76.53286,390.980011,55.91,39.580002,48.115715,181.690002
1/14/2014,78.055717,397.540009,57.740002,40.02,48.279999,183.669998
1/15/2014,79.622856,395.869995,57.599998,39.380001,47.197144,184.660004
1/16/2014,79.178574,395.799988,57.189999,39,47.382858,184.419998
1/17/2014,77.238571,399.609985,56.299999,38.599998,47.148571,183.639999
1/21/2014,78.438568,407.049988,58.509998,38.34,46.958572,184.179993
1/22/2014,78.78714,404.540009,57.509998,38.799999,47.675713,184.300003
1/23/2014,79.454285,399.869995,56.630001,38.419998,55.531429,182.789993
1/24/2014,78.010002,387.600006,54.450001,36.830002,55.154285,178.889999
1/27/2014,78.64286,386.279999,53.549999,36.759998,54.46143,178.009995
1/28/2014,72.35714,394.429993,55.139999,36.810001,58.110001,179.070007
1/29/2014,71.535713,384.200012,53.529999,36.349998,57.202858,177.350006
1/30/2014,71.397141,403.01001,61.080002,36.84,57.810001,179.229996
1/31/2014,71.514282,358.690002,62.57,36.080002,58.475716,178.179993
2/3/2014,71.647141,346.149994,61.48,35.25,57.76857,174.169998
2/4/2014,72.684288,347.950012,62.75,35.82,57.987144,175.389999
2/5/2014,73.227142,346.450012,62.189999,35.240002,57.774284,175.169998
2/6/2014,73.215714,354.589996,62.16,35.23,58.272858,177.479996
2/7/2014,74.239998,361.079987,64.32,36.110001,61.425713,179.679993
2/10/2014,75.57,360.869995,63.549999,34.900002,61.491428,180.009995
2/11/2014,76.565712,361.790009,64.849998,35.25,61.998573,181.979996
2/12/2014,76.559998,349.25,64.449997,35.560001,61.275715,182.070007
2/13/2014,77.775711,357.200012,67.330002,35.200001,62.364285,183.009995
2/14/2014,77.71286,357.350006,67.089996,35.950001,62.215714,184.020004
2/18/2014,77.998573,353.649994,67.300003,36.310001,62.407143,184.240005
2/19/2014,76.767143,347.380005,68.059998,36.029999,61.175713,183.020004
2/20/2014,75.878571,349.799988,69.629997,36.509998,62.135715,184.100006
2/21/2014,75.035713,346.76001,68.589996,36.689999,61.747143,183.889999
2/24/2014,75.364288,351.779999,70.779999,36.549999,63.857143,184.910004
2/25/2014,74.580002,358.320007,69.849998,36.099998,64.718575,184.839996
2/26/2014,73.907143,359.799988,69.260002,36.830002,64.112854,184.850006
2/27/2014,75.381432,360.130005,68.940002,36.77,64.604286,185.820007
2/28/2014,75.177139,362.100006,68.459999,36.200001,63.66143,186.289993
3/3/2014,75.394287,359.779999,67.410004,36.209999,63.655716,184.979996
3/4/2014,75.891426,363.899994,68.800003,36.93,64.997147,187.580002
3/5/2014,76.05143,372.369995,71.57,37.52,64.785713,187.75
3/6/2014,75.821426,372.160004,70.839996,37.540001,64.358574,188.179993
3/7/2014,75.777145,372.059998,69.800003,37.689999,64.052856,188.259995
3/10/2014,75.845711,370.529999,72.029999,37.09,62.849998,188.160004
3/11/2014,76.584282,368.820007,70.099998,35.18,62.497143,187.229996
3/12/2014,76.658569,370.640015,70.879997,34.860001,62.368572,187.279999
3/13/2014,75.807144,371.51001,68.830002,34.09,61.437141,185.179993
3/14/2014,74.955711,373.73999,67.720001,34.09,60.64143,184.660004
3/17/2014,75.248573,375.040009,68.739998,34.630001,60.388573,186.330002
3/18/2014,75.914284,378.769989,69.190002,35.169998,60.035713,187.660004
3/19/2014,75.894287,373.230011,68.239998,34.91,60.012856,186.660004
3/20/2014,75.528572,368.970001,66.970001,35.259998,60.610001,187.75
3/21/2014,76.124283,360.619995,67.239998,35.009998,57.998573,186.199997
3/24/2014,77.027145,351.850006,64.099998,35.139999,54.128571,185.429993
3/25/2014,77.855713,354.709991,64.889999,34.509998,52.977142,186.309998
3/26/2014,77.111427,343.410004,60.389999,34.220001,53.182858,184.970001
3/27/2014,76.779999,338.470001,60.970001,34.509998,52.025715,184.580002
3/28/2014,76.694283,338.290009,60.009998,34.73,51.267143,185.490005
3/31/2014,76.677139,336.369995,60.240002,34.419998,50.290001,187.009995
4/1/2014,77.378571,342.98999,62.619999,34.34,52.098572,188.25
4/2/2014,77.507141,341.959991,62.720001,34.880001,51.84,188.880005
4/3/2014,76.970001,333.619995,59.490002,35.439999,50.669998,188.630005
4/4/2014,75.974289,323,56.75,34.810001,48.187141,186.399994
4/7/2014,74.781425,317.76001,56.950001,34.110001,48.285713,184.339996
4/8/2014,74.777145,327.070007,58.189999,34.529999,49.841427,185.100006
4/9/2014,75.760002,331.809998,62.41,33.619999,50.432858,187.089996
4/10/2014,74.78286,317.109985,59.16,33.299999,47.818573,183.160004
4/11/2014,74.230003,311.730011,58.529999,31.93,46.672855,181.509995
4/14/2014,74.525711,315.910004,58.889999,32.549999,47.368572,182.940002
4/15/2014,73.994286,316.079987,59.09,33.360001,46.610001,184.199997
4/16/2014,74.144287,323.679993,59.720001,33.970001,47.344284,186.130005
4/17/2014,74.991432,324.910004,58.939999,33.98,49.39143,186.389999
4/21/2014,75.881432,330.869995,61.240002,33.98,49.784286,187.039993
4/22/2014,75.957146,329.320007,63.029999,34.23,53.271427,187.889999
4/23/2014,74.964287,324.579987,61.360001,34.389999,50.5,187.449997
4/24/2014,81.110001,337.149994,60.869999,34.169998,49.152859,187.830002
4/25/2014,81.705711,303.829987,57.709999,33.720001,46.011429,186.289993
4/28/2014,84.870003,296.579987,56.139999,33.759998,44.887142,186.880005
4/29/2014,84.618568,300.380005,58.150002,33.990002,45.695713,187.75
4/30/2014,84.298569,304.130005,59.779999,34.48,46.005714,188.309998
5/1/2014,84.497147,307.890015,61.150002,34.900002,48.074287,188.330002
5/2/2014,84.654289,308.01001,60.459999,34.970001,48.664288,188.059998
5/5/2014,85.851425,310.049988,61.220001,34.75,49.197144,188.419998
5/6/2014,84.915718,297.380005,58.529999,34.75,46.598572,186.779999
5/7/2014,84.618568,292.709991,57.389999,35.07,45.791428,187.880005
5/8/2014,83.998573,288.320007,56.759998,34.849998,45.951427,187.679993
5/9/2014,83.648575,292.23999,57.240002,34.23,46.935715,187.960007
5/12/2014,84.690002,302.859985,59.830002,34.82,49.349998,189.789993
5/13/2014,84.822861,304.640015,59.830002,35.150002,49.591427,189.960007
5/14/2014,84.83857,297.619995,59.23,34.939999,50.26857,189.059998
5/15/2014,84.117142,295.190002,57.919998,34.360001,49.169998,187.399994
5/16/2014,85.358574,297.700012,58.02,34,49.982857,188.050003
5/19/2014,86.370003,296.76001,59.209999,34.25,52.07143,188.740005
5/20/2014,86.387146,301.190002,58.560001,33.07,53.095715,187.550003
5/21/2014,86.615715,305.01001,60.490002,33.459999,55.799999,189.130005
5/22/2014,86.752853,304.910004,60.52,33.419998,55.971428,189.589996
5/23/2014,87.732857,312.23999,61.349998,33.630001,57.478573,190.350006
5/27/2014,89.375717,310.820007,63.48,33.939999,56.972858,191.520004
5/28/2014,89.144287,310.160004,63.509998,34.59,57.32,191.380005
5/29/2014,90.76857,313.779999,63.830002,34.450001,59.314285,192.369995
5/30/2014,90.428574,312.549988,63.299999,34.580002,59.689999,192.679993
6/2/2014,89.807144,308.839996,63.080002,34.860001,60.294285,192.899994
6/3/2014,91.077141,307.190002,62.869999,35.259998,59.652859,192.800003
6/4/2014,92.117142,306.779999,63.34,36.52,60.458572,193.190002
6/5/2014,92.478569,323.570007,63.189999,36.27,61.192856,194.449997
6/6/2014,92.224289,329.670013,62.5,36.549999,61.447144,195.380005
6/9/2014,93.699997,327.5,62.880001,36.5,60.441429,195.580002
6/10/2014,94.25,332.410004,65.769997,36.400002,61.184284,195.600006
6/11/2014,93.860001,335.200012,65.779999,36.119999,61.42857,194.919998
6/12/2014,92.290001,325.910004,64.290001,35.52,60.349998,193.539993
6/13/2014,91.279999,326.269989,64.5,35.630001,61.101429,194.130005
6/16/2014,92.199997,327.619995,64.190002,36.060001,61.465714,194.289993
6/17/2014,92.080002,325.619995,64.400002,36.360001,63.378571,194.830002
6/18/2014,92.18,334.380005,65.599998,36.299999,64.097145,196.259995
6/19/2014,91.860001,327,64.339996,36.369999,63.055714,196.479996
6/20/2014,90.910004,324.200012,64.5,36.220001,62.882858,195.940002
6/23/2014,90.830002,327.23999,65.370003,36.669998,62.78857,195.880005
6/24/2014,90.279999,324.160004,65.720001,36.580002,62.337143,194.699997
6/25/2014,90.360001,327.440002,67.440002,37.09,63.458572,195.580002
6/26/2014,90.900002,325.690002,67.129997,36.900002,62.80143,195.440002
6/27/2014,91.980003,324.570007,67.599998,36.619999,63.154285,195.820007
6/30/2014,92.93,324.779999,67.290001,36.299999,62.942856,195.720001
7/1/2014,93.519997,332.390015,68.059998,37.59,67.585716,197.029999
7/2/2014,93.480003,332.850006,66.449997,37.740002,66.677139,197.229996
7/3/2014,94.029999,337.48999,66.290001,37.740002,67.478569,198.199997
7/7/2014,95.970001,333.549988,65.290001,37.439999,65.802856,197.509995
7/8/2014,95.349998,323.809998,62.759998,37.580002,63.578571,196.240005
7/9/2014,95.389999,329.970001,64.970001,37.970001,63.285713,197.119995
7/10/2014,95.040001,327.920013,64.870003,37.75,62.650002,196.339996
7/11/2014,95.220001,346.200012,66.339996,37.950001,62.851429,196.610001
7/14/2014,96.449997,355.320007,67.900002,37.700001,64.654289,197.600006
7/15/2014,95.32,354.440002,67.169998,37.580002,64.155716,197.229996
7/16/2014,94.779999,355.899994,67.660004,37.48,63.491428,197.960007
7/17/2014,93.089996,352.450012,66.410004,37.099998,62.765713,195.710007
7/18/2014,94.43,358.660004,68.419998,37.41,63.452858,197.710007
7/21/2014,93.940002,359.76001,69.400002,37.43,64.564285,197.339996
7/22/2014,94.720001,360.839996,69.269997,37.759998,61.584286,198.199997
7/23/2014,97.190002,358.140015,71.290001,37.41,61.128571,198.639999
7/24/2014,97.029999,358.609985,74.980003,35.740002,60.76857,198.649994
7/25/2014,97.669998,324.01001,75.190002,35.07,60.265713,197.720001
7/28/2014,99.019997,320.410004,74.919998,34.900002,60.665714,197.800003
7/29/2014,98.379997,320,73.709999,34.450001,60.611427,196.949997
7/30/2014,98.150002,322.51001,74.68,34.310001,62.05143,196.979996
7/31/2014,95.599998,312.98999,72.650002,33.82,60.388573,193.089996
8/1/2014,96.129997,307.059998,72.360001,33.439999,60.771427,192.5
8/4/2014,95.589996,313.649994,73.510002,33.610001,60.385715,193.889999
8/5/2014,95.120003,312.320007,72.690002,33.360001,60.407143,192.009995
8/6/2014,94.959999,313.890015,72.470001,33.400002,61.471428,192.070007
8/7/2014,94.480003,311.450012,73.169998,33.110001,64.238571,191.029999
8/8/2014,94.739998,316.799988,73.059998,33.529999,63.692856,193.240005
8/11/2014,95.989998,318.329987,73.440002,33.799999,64.505714,193.800003
8/12/2014,95.970001,319.320007,72.830002,33.700001,63.772858,193.529999
8/13/2014,97.239998,326.279999,73.769997,33.950001,64.504288,194.839996
8/14/2014,97.5,333.209991,74.300003,33.950001,64.410004,195.759995
8/15/2014,97.980003,333.630005,73.629997,33.84,65.584282,195.720001
8/18/2014,99.160004,334.529999,74.589996,34.400002,66.571426,197.360001
8/19/2014,100.529999,335.130005,75.290001,34.57,66.878571,198.389999
8/20/2014,100.57,335.779999,74.809998,34.529999,67.455711,198.919998
8/21/2014,100.580002,332.910004,74.57,34.599998,67.435715,199.5
8/22/2014,101.32,331.589996,74.57,34.240002,68.455711,199.190002
8/25/2014,101.540001,334.019989,75.019997,34.669998,68.704285,200.199997
8/26/2014,100.889999,341.829987,75.959999,34.849998,68.480003,200.330002
8/27/2014,102.129997,343.179993,74.629997,34.709999,67.814285,200.25
8/28/2014,102.25,340.019989,73.860001,34.68,67.887146,200.139999
8/29/2014,102.5,339.040009,74.82,34.799999,68.234283,200.710007
9/2/2014,103.300003,342.380005,76.68,34.799999,68.085716,200.610001
9/3/2014,98.940002,339,75.830002,34.470001,68.19857,200.5
9/4/2014,98.120003,345.950012,75.949997,34.630001,67.524284,200.210007
9/5/2014,98.970001,346.380005,77.260002,34.580002,67.954285,201.110001
9/8/2014,98.360001,342.339996,77.889999,33.240002,68.475716,200.589996
9/9/2014,97.989998,329.75,76.669998,33.07,68.43,199.320007
9/10/2014,101,331.329987,77.43,33.290001,69.19857,200.070007
9/11/2014,101.43,330.519989,77.919998,33.610001,68.794289,200.300003
9/12/2014,101.660004,331.190002,77.480003,33.27,68.078575,199.130005
9/15/2014,101.629997,323.890015,74.580002,33.630001,65.39286,198.979996
9/16/2014,100.860001,327.76001,76.080002,33.709999,65.272858,200.479996
9/17/2014,101.580002,324,76.43,33.849998,64.932854,200.75
9/18/2014,101.790001,325,77,34.029999,65.572861,201.820007
9/19/2014,100.959999,331.320007,77.910004,33.939999,65.360001,200.699997
9/22/2014,101.059998,324.5,76.800003,33.439999,63.254284,199.149994
9/23/2014,102.639999,323.630005,78.290001,33.220001,63.414288,198.009995
9/24/2014,101.75,328.209991,78.540001,33.650002,64.365715,199.559998
9/25/2014,97.870003,321.929993,77.220001,32.869999,63.355713,196.339996
9/26/2014,100.75,323.209991,78.790001,33.169998,64.10714,197.899994
9/29/2014,100.110001,321.820007,79,32.220001,64.222855,197.539993
9/30/2014,100.75,322.440002,79.040001,31.940001,64.454285,197.020004
10/1/2014,99.18,317.459991,76.550003,32.490002,62.685715,194.350006
10/2/2014,99.900002,318.410004,77.080002,33.18,64.28286,194.380005
10/3/2014,99.620003,322.73999,77.440002,33.759998,65.648575,196.520004
10/6/2014,99.620003,322.200012,77.559998,33.75,66.211426,196.289993
10/7/2014,98.75,316.980011,76.290001,31.77,65.178574,193.259995
10/8/2014,100.800003,322.700012,77.519997,32.18,66.694283,196.639999
10/9/2014,101.019997,315.369995,75.910004,31.030001,65.945717,192.740005
10/10/2014,100.730003,311.390015,72.910004,30.290001,64.582855,190.539993
10/13/2014,99.809998,306.450012,72.989998,29.790001,62.654285,187.410004
10/14/2014,98.75,308.309998,73.589996,30.110001,64.160004,187.699997
10/15/2014,97.540001,305.970001,73.209999,29.690001,64.084282,186.429993
10/16/2014,96.260002,302.859985,72.629997,29.940001,51.671429,186.270004
10/17/2014,97.669998,303.640015,75.949997,30.24,51.012856,188.470001
10/20/2014,99.760002,306.209991,76.949997,30.34,51.317142,190.300003
10/21/2014,102.470001,315.329987,78.690002,30.84,52.284286,194.070007
10/22/2014,102.989998,312.970001,78.370003,31.309999,53.521427,192.690002
10/23/2014,104.830002,313.179993,80.040001,30.93,54.720001,194.929993
10/24/2014,105.220001,287.059998,80.669998,30.040001,55.002857,196.429993
10/27/2014,105.110001,289.970001,80.279999,30.08,54.200001,196.160004
10/28/2014,106.739998,295.589996,80.769997,31.17,55.174286,198.410004
10/29/2014,107.339996,294.119995,75.860001,30.719999,54.014286,198.110001
10/30/2014,106.980003,299.070007,74.110001,30.780001,54.144287,199.380005
10/31/2014,108,305.459991,74.989998,31.4,56.110001,201.660004
11/3/2014,109.400002,305.720001,73.879997,31.18,55.487144,201.770004
11/4/2014,108.599998,302.809998,75.760002,30.82,54.682858,201.070007
11/5/2014,108.860001,296.519989,74.830002,30.73,54.34,202.339996
11/6/2014,108.699997,296.640015,75.260002,31.370001,54.757141,203.149994
11/7/2014,109.010002,299.859985,75.599998,31.59,54.880001,203.339996
11/10/2014,108.830002,305.109985,75,31.120001,55.324287,203.979996
11/11/2014,109.699997,312.01001,74.610001,31.35,54.650002,204.179993
11/12/2014,111.25,311.51001,74.720001,31.42,54.837143,203.960007
11/13/2014,112.82,316.480011,74.25,31.65,54.201427,204.190002
11/14/2014,114.18,327.820007,74.879997,31.790001,55.148571,204.240005
11/17/2014,113.989998,323.049988,74.239998,32.310001,54.44857,204.369995
11/18/2014,115.470001,324.929993,74.339996,32.27,54.432858,205.550003
11/19/2014,114.669998,326.540009,73.330002,32.150002,51.871429,205.220001
11/20/2014,116.309998,330.540009,73.599998,32.130001,52.591427,205.580002
11/21/2014,116.470001,332.630005,73.75,32.130001,51.468571,206.679993
11/24/2014,118.629997,335.640015,74.010002,32.189999,50.924286,207.259995
11/25/2014,117.599998,335.040009,75.629997,32.23,49.855713,207.110001
11/26/2014,119,333.570007,77.620003,32.07,50.165714,207.639999
11/28/2014,118.93,338.640015,77.699997,33.43,49.512856,207.199997
12/1/2014,115.07,326,75.099998,32.939999,48.830002,205.759995
12/2/2014,114.629997,326.309998,75.459999,33.259998,50.330002,207.089996
12/3/2014,115.93,316.5,74.879997,33.639999,50.73143,207.889999
12/4/2014,115.489998,316.929993,75.239998,33.09,50.085712,207.660004
12/5/2014,115,312.630005,76.360001,33.93,50.131428,208
12/8/2014,112.400002,306.640015,76.519997,32.68,48.497143,206.610001
12/9/2014,114.120003,312.5,76.839996,32.810001,49.111427,206.470001
12/10/2014,111.949997,305.839996,76.18,31.969999,47.759998,203.160004
12/11/2014,111.620003,307.359985,77.730003,32.189999,47.804287,204.190002
12/12/2014,109.730003,307.320007,77.830002,31.57,47.782856,200.889999
12/15/2014,108.230003,306.070007,76.989998,31,46.720001,199.509995
12/16/2014,106.75,295.059998,74.690002,30.73,45.205715,197.910004
12/17/2014,109.410004,298.880005,76.110001,31.15,47.664288,201.789993
12/18/2014,112.650002,297.730011,78.400002,31.75,47.774284,206.779999
12/19/2014,111.779999,299.899994,79.879997,32.810001,48.58857,206.520004
12/22/2014,112.940002,306.540009,81.449997,33.23,48.097141,207.470001
12/23/2014,112.540001,306.290009,80.610001,33.560001,48.061428,207.75
12/24/2014,112.010002,303.029999,80.769997,33.43,48.871429,207.770004
12/26/2014,113.989998,309.089996,80.779999,33.73,48.578571,208.440002
12/29/2014,113.910004,312.040009,80.019997,34.599998,48.847141,208.720001
12/30/2014,112.519997,310.299988,79.220001,35.09,49.032856,207.600006
12/31/2014,110.379997,310.350006,78.019997,34.91,48.80143,205.539993
1/2/2015,109.330002,308.519989,78.449997,34.84,49.848572,205.429993
1/5/2015,106.25,302.190002,77.190002,34.330002,47.311428,201.720001
1/6/2015,106.260002,295.290009,76.150002,34.849998,46.501427,199.820007
1/7/2015,107.75,298.420013,76.150002,35.84,46.742859,202.309998
1/8/2015,111.889999,300.459991,78.18,36.200001,47.779999,205.899994
1/9/2015,112.010002,296.929993,77.739998,35.59,47.041428,204.25
1/12/2015,109.25,291.410004,76.720001,35.84,45.547142,202.649994
1/13/2015,110.220001,294.73999,76.449997,35.25,46.255714,202.080002
1/14/2015,109.800003,293.269989,76.279999,34.299999,46.32,200.860001
1/15/2015,106.82,286.950012,74.050003,33.43,46.251427,199.020004
1/16/2015,105.989998,290.73999,75.18,33.68,48.191429,201.630005
1/20/2015,108.720001,289.440002,76.239998,33.93,49.828571,202.059998
1/21/2015,109.550003,297.25,76.739998,33.889999,58.468571,203.080002
1/22/2015,112.400002,310.320007,77.650002,33.82,61.205715,206.100006
1/23/2015,112.980003,312.390015,77.830002,33.75,62.494286,204.970001
1/26/2015,113.099998,309.660004,77.5,33.700001,63.794285,205.449997
1/27/2015,109.139999,306.75,75.779999,33.419998,64.881432,202.740005
1/28/2015,115.309998,303.910004,76.239998,32.84,63.208572,200.139999
1/29/2015,118.900002,311.779999,78,33.16,63.400002,201.990005
1/30/2015,117.160004,354.529999,75.910004,32.619999,63.114285,199.449997
2/2/2015,118.629997,364.470001,74.989998,33.110001,63.009998,201.919998
2/3/2015,118.650002,363.549988,75.400002,33.98,65.274284,204.839996
2/4/2015,119.559998,364.75,75.629997,35.830002,64.101425,204.059998
2/5/2015,119.940002,373.890015,75.610001,36.25,64.129997,206.119995
2/6/2015,118.93,374.279999,74.470001,36,63.48,205.550003
2/9/2015,119.720001,370.559998,74.440002,36,63.295715,204.630005
2/10/2015,122.019997,373,75.190002,37.52,64.849998,206.809998
2/11/2015,124.879997,375.140015,76.510002,37.669998,64.984283,206.929993
2/12/2015,126.459999,377.170013,76.230003,38.02,65.247147,208.919998
2/13/2015,127.080002,381.829987,75.739998,37.619999,66.585716,209.779999
2/17/2015,127.830002,375.429993,75.599998,37.240002,67.137146,210.110001
2/18/2015,128.720001,373.369995,76.709999,37.189999,67.865715,210.130005
2/19/2015,128.449997,379,79.419998,37.509998,67.800003,209.979996
2/20/2015,129.5,383.660004,79.900002,37.650002,68.314285,211.240005
2/23/2015,133,380.140015,78.839996,37.689999,67.405716,211.210007
2/24/2015,132.169998,378.589996,78.449997,37.75,67.839996,211.809998
2/25/2015,128.789993,385.369995,79.559998,37.860001,68.332855,211.630005
2/26/2015,130.419998,384.799988,80.410004,37.560001,69.004288,211.380005
2/27/2015,128.460007,380.160004,78.970001,37.310001,67.844284,210.660004
3/2/2015,129.089996,385.660004,79.75,37.610001,68.60714,211.990005
3/3/2015,129.360001,384.609985,79.599998,37.799999,67.815712,211.119995
3/4/2015,128.539993,382.720001,80.900002,37.57,67.110001,210.229996
3/5/2015,126.410004,387.829987,81.209999,37.610001,66.807144,210.460007
3/6/2015,126.599998,380.089996,80.010002,36.84,64.874283,207.5
3/9/2015,127.139999,378.559998,79.440002,37.66,63.66143,208.360001
3/10/2015,124.510002,369.51001,77.550003,37.549999,62.151428,204.979996
3/11/2015,122.239998,366.369995,77.57,37.779999,62.884285,204.5
3/12/2015,124.449997,374.23999,78.93,38.43,64.045715,207.100006
3/13/2015,123.589996,370.579987,78.050003,38.049999,62.628571,205.830002
3/16/2015,124.949997,373.350006,78.07,38.580002,60.281429,208.580002
3/17/2015,127.040001,371.920013,79.360001,38.290001,59.78857,207.960007
3/18/2015,128.470001,375.140015,80.910004,38.5,60.445713,210.460007
3/19/2015,127.5,373.23999,82.75,38.650002,60.744286,209.5
3/20/2015,125.900002,378.48999,83.800003,38.869999,61.185715,210.410004
3/23/2015,127.209999,375.109985,84.43,38.59,60.714287,210
3/24/2015,126.690002,374.089996,85.309998,37.849998,62.611427,208.820007
3/25/2015,123.379997,370.959991,82.919998,37.380001,60.25,205.759995
3/26/2015,124.239998,367.350006,83.010002,37.349998,59.751427,205.270004
3/27/2015,123.25,370.559998,83.300003,37.310001,59.252857,205.740005
3/30/2015,126.370003,374.589996,83.199997,37.68,60.367142,208.25
3/31/2015,124.43,372.100006,82.220001,37.5,59.527142,206.429993
4/1/2015,124.25,370.26001,81.669998,36.740002,59.017143,205.699997
4/2/2015,125.32,372.25,81.559998,36.5,59.154285,206.440002
4/6/2015,127.349998,377.040009,82.440002,36.66,60.330002,207.830002
4/7/2015,126.010002,374.410004,82.32,35.73,60.494286,207.279999
4/8/2015,125.599998,381.200012,82.279999,36.110001,63.049999,207.979996
4/9/2015,126.559998,383.540009,82.169998,36.290001,62.785713,208.899994
4/10/2015,127.099998,382.649994,82.040001,36.57,64.938568,210.039993
4/13/2015,126.849998,382.359985,83.010002,36.400002,67.811432,209.089996
4/14/2015,126.300003,385.109985,83.519997,36.48,68.387146,209.490005
4/15/2015,126.779999,383.450012,82.709999,36.939999,67.922859,210.429993
4/16/2015,126.169998,386.040009,82.309998,37.080002,80.292854,210.369995
4/17/2015,124.75,375.559998,80.779999,36.639999,81.650002,207.949997
4/20/2015,127.599998,389.51001,83.089996,37.110001,81.055717,209.850006
4/21/2015,126.910004,391.179993,83.620003,37.16,80.062859,209.600006
4/22/2015,128.619995,389.799988,84.629997,37.16,79.668571,210.630005
4/23/2015,129.669998,389.98999,82.410004,35.919998,79.865715,211.160004
4/24/2015,130.279999,445.100006,81.529999,35.59,79.771431,211.649994
4/27/2015,132.649994,438.559998,81.910004,35.779999,80.868568,210.770004
4/28/2015,130.559998,429.309998,80.68,35.720001,80.437141,211.440002
4/29/2015,128.639999,429.369995,80.470001,35.509998,80.407143,210.570007
4/30/2015,125.150002,421.779999,78.769997,35.060001,79.5,208.460007
5/1/2015,128.949997,422.869995,78.989998,35.419998,79.575714,210.720001
5/4/2015,128.699997,423.040009,78.809998,35.400002,79.271431,211.320007
5/5/2015,125.800003,421.190002,77.559998,35.009998,80.792854,208.899994
5/6/2015,125.010002,419.100006,78.099998,34.77,80.077141,208.039993
5/7/2015,125.260002,426.880005,78.43,34.880001,80.748573,208.869995
5/8/2015,127.620003,433.690002,78.510002,35.32,82.085716,211.619995
5/11/2015,126.32,432.850006,78.010002,35.220001,84.278572,210.610001
5/12/2015,125.870003,431.019989,77.459999,34.740002,83.377144,209.979996
5/13/2015,126.010002,426.869995,78.440002,34.799999,82.872856,210.020004
5/14/2015,128.949997,432.279999,81.370003,34.650002,83.835716,212.210007
5/15/2015,128.770004,426,80.419998,34.91,87.60714,212.440002
5/18/2015,130.190002,425.23999,80.879997,35.049999,88.267143,213.100006
5/19/2015,130.070007,421.709991,80.629997,35.119999,88.068573,213.029999
5/20/2015,130.059998,423.859985,80.550003,35.02,88.790001,212.880005
5/21/2015,131.389999,431.630005,80.480003,35.580002,89.002853,213.5
5/22/2015,132.539993,427.630005,80.540001,35.700001,88.83857,212.990005
5/26/2015,129.619995,425.470001,79.330002,35.52,87.992859,210.699997
5/27/2015,132.039993,431.420013,80.550003,35.810001,89.85714,212.699997
5/28/2015,131.779999,426.570007,80.150002,36.389999,89.507141,212.460007
5/29/2015,130.279999,429.230011,79.190002,35.970001,89.151428,211.139999
6/1/2015,130.539993,430.920013,80.290001,36.18,89.002853,211.570007
6/2/2015,129.960007,430.98999,80.440002,36.220001,89.129997,211.360001
6/3/2015,130.119995,436.589996,82.440002,35.939999,88.808571,211.919998
6/4/2015,129.360001,430.779999,82.050003,35.540001,89.348572,210.130005
6/5/2015,128.649994,426.950012,82.139999,35.119999,90.459999,209.770004
6/8/2015,127.800003,423.5,80.669998,34.990002,89.604286,208.419998
6/9/2015,127.419998,425.480011,80.669998,35.259998,92.449997,208.449997
6/10/2015,128.880005,430.769989,82.160004,35.59,95.871429,210.960007
6/11/2015,128.589996,432.970001,81.830002,35.549999,95.094284,211.649994
6/12/2015,127.169998,429.920013,81.529999,35.709999,94.418571,209.929993
6/15/2015,126.919998,423.670013,80.709999,35.459999,93.431427,209.100006
6/16/2015,127.599998,427.26001,81.059998,35.610001,95.272858,210.25
6/17/2015,127.300003,427.809998,81.790001,35.810001,94.271431,210.589996
6/18/2015,127.879997,439.390015,82.910004,36.200001,94.742859,212.710007
6/19/2015,126.599998,434.920013,82.510002,36.110001,93.871429,210.809998
6/22/2015,127.610001,436.290009,84.739998,36.189999,96.414284,211.889999
6/23/2015,127.029999,445.98999,87.879997,36.299999,97.312859,212.050003
6/24/2015,128.110001,440.839996,88.860001,35.16,96.944283,210.509995
6/25/2015,127.5,440.100006,87.980003,34.700001,94.891426,209.830002
6/26/2015,126.75,438.100006,88.010002,34.380001,93.08857,209.899994
6/29/2015,124.529999,429.859985,85.800003,33.23,92.23143,205.470001
6/30/2015,125.43,434.089996,85.769997,33.330002,93.848572,205.889999
7/1/2015,126.599998,437.390015,86.910004,33.040001,93.635712,207.570007
7/2/2015,126.440002,437.709991,87.290001,33.23,94.044289,207.320007
7/6/2015,126,436.040009,87.550003,32.650002,94.571426,206.669998
7/7/2015,125.690002,436.720001,87.220001,32.860001,94.091431,208.009995
7/8/2015,122.57,429.700012,85.650002,31.190001,93.507141,204.529999
7/9/2015,120.07,434.390015,85.879997,31.01,95.727142,204.800003
7/10/2015,123.279999,443.51001,87.949997,31.4,97.228569,207.479996
7/13/2015,125.660004,455.570007,90.099998,31.68,101.087143,209.759995
7/14/2015,125.610001,465.570007,89.68,31.77,100.371429,210.720001
7/15/2015,126.82,461.190002,89.760002,31.43,98.129997,210.630005
7/16/2015,128.509995,475.480011,90.849998,30.610001,115.809998,212.270004
7/17/2015,129.619995,483.01001,94.970001,30.65,114.769997,212.470001
7/20/2015,132.070007,488.100006,97.910004,30.5,110.550003,212.619995
7/21/2015,130.75,488,98.389999,30.389999,112.510002,211.759995
7/22/2015,125.220001,488.269989,97.040001,30.299999,111.5,211.289993
7/23/2015,125.160004,482.179993,95.440002,31.5,110.099998,210.139999
7/24/2015,124.5,529.419983,96.949997,31.059999,109.339996,207.940002
7/27/2015,122.769997,531.409973,94.169998,31.049999,106.43,206.740005
7/28/2015,123.379997,526.030029,95.290001,31.32,106.900002,209.309998
7/29/2015,122.989998,529,96.989998,31.950001,107.080002,210.770004
7/30/2015,122.370003,536.76001,95.209999,31.91,111.559998,210.820007
7/31/2015,121.300003,536.150024,94.010002,31.51,114.309998,210.449997
8/3/2015,118.440002,535.030029,94.139999,31.68,112.559998,209.729996
8/4/2015,114.639999,531.900024,94.059998,31.52,121.150002,209.320007
8/5/2015,115.400002,537.01001,96.440002,31.6,123.709999,210.100006
8/6/2015,115.129997,529.460022,95.120003,31.860001,126.449997,208.350006
8/7/2015,115.519997,522.619995,94.300003,31.74,123.519997,207.919998
8/10/2015,119.720001,524,94.150002,31.940001,123.029999,210.630005
8/11/2015,113.489998,527.460022,93.620003,30.83,122.739998,208.660004
8/12/2015,115.239998,525.909973,94.190002,30.870001,120.510002,208.919998
8/13/2015,115.150002,529.659973,93.43,31.059999,123.730003,208.699997
8/14/2015,115.959999,531.52002,94.419998,31.49,123.389999,209.360001
8/17/2015,117.160004,535.219971,93.93,31.610001,125.360001,210.559998
8/18/2015,116.5,535.02002,95.169998,31.709999,124.050003,209.929993
8/19/2015,115.010002,532.919983,95.309998,31.629999,122.059998,208.279999
8/20/2015,112.650002,515.780029,90.559998,30.84,112.489998,204.009995
8/21/2015,105.760002,494.470001,86.059998,29.6,103.959999,197.630005
8/24/2015,103.120003,463.369995,82.089996,27.799999,96.879997,189.550003
8/25/2015,103.739998,466.369995,83,27.280001,101.519997,187.229996
8/26/2015,109.690002,500.769989,87.190002,28.1,110.129997,194.679993
8/27/2015,112.919998,518.369995,89.730003,28.58,117.660004,199.160004
8/28/2015,113.290001,518.01001,91.010002,29,117.629997,199.240005
8/31/2015,112.760002,512.890015,89.43,29.440001,115.029999,197.539993
9/1/2015,107.720001,496.540009,87.230003,28.639999,105.790001,191.770004
9/2/2015,112.339996,510.549988,89.889999,29.209999,105.440002,195.410004
9/3/2015,110.370003,504.720001,88.150002,29.110001,101.059998,195.649994
9/4/2015,109.269997,499,88.260002,28.879999,98.790001,192.589996
9/8/2015,112.309998,517.539978,89.529999,29.879999,94.949997,197.460007
9/9/2015,110.150002,516.890015,90.440002,29.620001,99.18,194.759995
9/10/2015,112.57,522.23999,91.980003,30,99.480003,195.850006
9/11/2015,114.209999,529.440002,92.050003,30.15,97.510002,196.740005
9/14/2015,115.309998,521.380005,92.309998,30.719999,95.690002,195.979996
9/15/2015,116.279999,522.369995,92.900002,30.99,99.160004,198.449997
9/16/2015,116.410004,527.390015,93.449997,31.200001,104.080002,200.139999
9/17/2015,113.919998,538.869995,94.339996,31.309999,104.209999,199.699997
9/18/2015,113.449997,540.26001,94.400002,30.51,102.620003,195.360001
9/21/2015,115.209999,548.390015,95.550003,30.620001,100.300003,196.440002
9/22/2015,113.400002,538.400024,92.959999,30.030001,98.470001,193.899994
9/23/2015,114.32,536.070007,93.970001,29.719999,98.07,193.600006
9/24/2015,115,533.75,94.410004,29.440001,103.760002,192.929993
9/25/2015,114.709999,524.25,92.769997,29.41,102.239998,192.869995
9/28/2015,112.440002,504.059998,89.209999,28.559999,99.470001,187.910004
9/29/2015,109.059998,496.070007,86.669998,29.15,98.349998,188.080002
9/30/2015,110.300003,511.890015,89.900002,30.02,103.260002,191.589996
10/1/2015,109.580002,520.719971,90.949997,30.67,105.980003,192.130005
10/2/2015,110.379997,532.539978,92.07,31.73,106.110001,195
10/5/2015,110.779999,543.679993,94.010002,31.76,111.25,198.470001
10/6/2015,111.309998,537.47998,92.800003,32.220001,108.330002,197.789993
10/7/2015,110.779999,541.940002,92.400002,33.049999,108.099998,199.410004
10/8/2015,109.5,533.159973,92.470001,33.43,114.93,201.210007
10/9/2015,112.120003,539.799988,93.239998,32.950001,113.330002,201.330002
10/12/2015,111.599998,550.190002,94.260002,33.02,113.449997,201.520004
10/13/2015,111.790001,548.900024,94.120003,33.130001,109.730003,200.25
10/14/2015,110.209999,544.830017,94.07,33.330002,110.230003,199.289993
10/15/2015,111.860001,562.440002,95.959999,33.32,101.089996,202.350006
10/16/2015,111.040001,570.76001,97.540001,33.150002,98.989998,203.270004
10/19/2015,111.730003,573.150024,98.470001,33.240002,101.690002,203.369995
10/20/2015,113.769997,560.880005,97,33.48,98.989998,203.110001
10/21/2015,113.760002,555.77002,97.110001,35.419998,97.959999,201.850006
10/22/2015,115.5,563.909973,99.669998,35.419998,97.32,205.210007
10/23/2015,119.080002,599.030029,102.190002,35.950001,100.040001,207.520004
10/26/2015,115.279999,608.609985,103.769997,35.669998,103.040001,206.990005
10/27/2015,114.550003,611.01001,103.699997,34.970001,103.07,206.570007
10/28/2015,119.269997,617.099976,104.199997,35.220001,105.800003,208.940002
10/29/2015,120.529999,626.549988,104.879997,34.75,105.120003,208.889999
10/30/2015,119.5,625.900024,101.970001,34.91,108.379997,207.929993
11/2/2015,121.18,628.349976,103.309998,35.57,107.639999,210.389999
11/3/2015,122.57,625.309998,102.580002,35.779999,109.739998,211
11/4/2015,122,640.950012,103.940002,35.419998,114.050003,210.380005
11/5/2015,120.919998,655.650024,108.760002,35.439999,113.5,210.149994
11/6/2015,121.059998,659.369995,107.099998,35.75,114.059998,210.039993
11/9/2015,120.57,655.48999,106.489998,35.669998,109.860001,208.080002
11/10/2015,116.769997,659.679993,107.910004,35.619999,112.699997,208.559998
11/11/2015,116.110001,673.25,109.010002,35.549999,112.860001,207.740005
11/12/2015,115.720001,665.599976,108.019997,35.09,108.919998,204.839996
11/13/2015,112.339996,642.349976,103.949997,34.310001,103.650002,202.539993
11/16/2015,114.18,647.809998,104.040001,35.169998,111.349998,205.619995
11/17/2015,113.690002,643.299988,105.129997,35.209999,117.099998,205.470001
11/18/2015,117.290001,663.539978,107.769997,36.459999,120.629997,208.729996
11/19/2015,118.779999,661.27002,106.260002,36.139999,120.220001,208.550003
11/20/2015,119.300003,668.450012,107.32,36.34,123.839996,209.309998
11/23/2015,117.75,678.98999,106.949997,36.080002,125.029999,209.070007
11/24/2015,118.879997,671.150024,105.739998,36.220001,123.309998,209.350006
11/25/2015,118.029999,675.340027,105.410004,36.34,124.160004,209.320007
11/27/2015,117.809998,673.26001,105.449997,36.369999,125.440002,209.559998
11/30/2015,118.300003,664.799988,104.239998,36.200001,123.330002,208.690002
12/1/2015,117.339996,679.059998,107.120003,36.259998,125.370003,210.679993
12/2/2015,116.279999,676.01001,106.07,35.73,128.929993,208.529999
12/3/2015,115.199997,666.25,104.379997,35.470001,126.809998,205.610001
12/4/2015,119.029999,672.640015,106.18,36.25,130.929993,209.619995
12/7/2015,118.279999,669.830017,105.610001,36.130001,125.360001,208.350006
12/8/2015,118.230003,677.330017,106.489998,35.48,126.980003,206.949997
12/9/2015,115.620003,664.789978,104.599998,35.450001,124.199997,205.339996
12/10/2015,116.169998,662.320007,105.419998,35.630001,122.910004,205.869995
12/11/2015,113.18,640.150024,102.120003,34.549999,118.910004,201.880005
12/14/2015,112.480003,657.909973,104.660004,34.389999,120.669998,202.899994
12/15/2015,110.489998,658.640015,104.550003,34.540001,118.599998,205.029999
12/16/2015,111.339996,675.77002,106.790001,35.139999,122.639999,208.029999
12/17/2015,108.980003,670.650024,106.220001,34.110001,122.510002,204.860001
12/18/2015,106.029999,664.140015,104.040001,33.669998,118.019997,200.020004
12/21/2015,107.330002,664.51001,104.769997,33.830002,116.629997,201.669998
12/22/2015,107.230003,663.150024,105.510002,34.290001,116.239998,203.5
12/23/2015,108.610001,663.700012,104.629997,34.779999,118.160004,206.020004
12/24/2015,108.029999,662.789978,105.019997,34.599998,117.330002,205.679993
12/28/2015,106.82,675.200012,105.93,34.509998,117.110001,205.210007
12/29/2015,108.739998,693.969971,107.260002,34.5,119.120003,207.399994
12/30/2015,107.32,689.070007,106.220001,34.330002,116.709999,205.929993
12/31/2015,105.260002,675.890015,104.660004,34.009998,114.379997,203.869995
1/4/2016,105.349998,636.98999,102.220001,33.310001,109.959999,201.020004
1/5/2016,102.709999,633.789978,102.730003,32.43,107.660004,201.360001
1/6/2016,100.699997,632.650024,102.970001,31.27,117.68,198.820007
1/7/2016,96.449997,607.940002,97.919998,29.99,114.559998,194.050003
1/8/2016,96.959999,607.049988,97.330002,29.530001,111.389999,191.919998
1/11/2016,98.529999,617.73999,97.510002,30.25,114.970001,192.110001
1/12/2016,99.959999,617.890015,99.370003,30.299999,116.580002,193.660004
1/13/2016,97.389999,581.809998,95.440002,30.49,106.559998,188.830002
1/14/2016,99.519997,593,98.370003,30.299999,107.059998,191.929993
1/15/2016,97.129997,570.179993,94.970001,29.57,104.040001,187.809998
1/19/2016,96.660004,574.47998,95.260002,29.4,107.889999,188.059998
1/20/2016,96.790001,571.77002,94.349998,29.42,107.739998,185.649994
1/21/2016,96.300003,575.02002,94.160004,29.549999,102.349998,186.690002
1/22/2016,101.419998,596.380005,97.940002,29.280001,100.720001,190.520004
1/25/2016,99.440002,596.530029,97.010002,29.23,99.120003,187.639999
1/26/2016,99.989998,601.25,97.339996,29.65,97.830002,190.199997
1/27/2016,93.419998,583.349976,94.449997,29.209999,91.150002,188.130005
1/28/2016,94.089996,635.349976,109.110001,29.02,94.410004,189.110001
1/29/2016,97.339996,587,112.209999,29.639999,91.839996,193.720001
2/1/2016,96.43,574.809998,115.089996,30.110001,94.089996,193.649994
2/2/2016,94.480003,552.099976,114.610001,29.65,91.489998,190.160004
2/3/2016,96.349998,531.070007,112.690002,28.92,90.739998,191.300003
2/4/2016,96.599998,536.26001,110.489998,28.639999,89.709999,191.600006
2/5/2016,94.019997,502.130005,104.07,28.540001,82.790001,187.949997
2/8/2016,95.010002,488.100006,99.75,28.68,83.32,185.419998
2/9/2016,94.989998,482.070007,99.540001,27.870001,86.129997,185.429993
2/10/2016,94.269997,490.480011,101,27.709999,88.449997,185.270004
2/11/2016,93.699997,503.820007,101.910004,26.9,86.349998,182.860001
2/12/2016,93.989998,507.079987,102.010002,27.709999,87.400002,186.630005
2/16/2016,96.639999,521.099976,101.610001,28.58,89.050003,189.779999
2/17/2016,98.120003,534.099976,105.199997,29.27,94.760002,192.880005
2/18/2016,96.260002,525,103.470001,29.030001,90.489998,192.089996
2/19/2016,96.040001,534.900024,104.57,28.780001,89.230003,192
2/22/2016,96.879997,559.5,107.160004,29.629999,91.93,194.779999
2/23/2016,94.690002,552.940002,105.459999,29.379999,89.120003,192.320007
2/24/2016,96.099998,554.039978,106.879997,28.84,91.610001,193.199997
2/25/2016,96.760002,555.150024,108.07,29.5,94.529999,195.539993
2/26/2016,96.910004,555.22998,107.919998,29.629999,94.790001,195.089996
2/29/2016,96.690002,552.52002,106.919998,29.440001,93.410004,193.559998
3/1/2016,100.529999,579.039978,109.82,30.01,98.300003,198.110001
3/2/2016,100.75,580.210022,109.949997,30.15,97.610001,199
3/3/2016,101.5,577.48999,109.580002,31.07,97.93,199.779999
3/4/2016,103.010002,575.140015,108.389999,31.370001,101.580002,200.429993
3/7/2016,101.870003,562.799988,105.730003,31.59,95.489998,200.589996
3/8/2016,101.029999,560.26001,105.93,30.68,96.230003,198.399994
3/9/2016,101.120003,559.469971,107.510002,30.540001,98,199.380005
3/10/2016,101.169998,558.929993,107.32,30.82,97.360001,199.539993
3/11/2016,102.260002,569.609985,109.410004,31.26,97.660004,202.759995
3/14/2016,102.519997,573.369995,109.889999,31.18,98.129997,202.5
3/15/2016,104.580002,577.02002,110.669998,31.049999,97.860001,202.169998
3/16/2016,105.970001,574.27002,112.18,31.690001,99.349998,203.339996
3/17/2016,105.800003,559.440002,111.019997,31.959999,99.720001,204.630005
3/18/2016,105.919998,552.080017,111.449997,31.959999,101.120003,204.380005
3/21/2016,105.910004,553.97998,111.849998,32.080002,101.059998,204.669998
3/22/2016,106.720001,560.47998,112.25,31.9,99.839996,204.559998
3/23/2016,106.129997,569.630005,112.540001,31.309999,99.589996,203.210007
3/24/2016,105.669998,582.950012,113.050003,30.959999,98.360001,203.119995
3/28/2016,105.190002,579.869995,113.690002,31.02,101.209999,203.240005
3/29/2016,107.68,593.859985,116.139999,31.190001,104.129997,205.119995
3/30/2016,109.559998,598.690002,114.699997,30.99,102.190002,206.020004
3/31/2016,108.989998,593.640015,114.099998,31.43,102.230003,205.520004
4/1/2016,109.989998,598.5,116.059998,30.469999,105.699997,206.919998
4/4/2016,111.120003,593.190002,112.550003,29.9,104.349998,206.25
4/5/2016,109.809998,586.140015,112.220001,29.6,104.940002,204.190002
4/6/2016,110.959999,602.080017,113.709999,29.940001,104.830002,206.419998
4/7/2016,108.540001,591.429993,113.639999,29.42,104.449997,203.949997
4/8/2016,108.660004,594.599976,110.629997,29.370001,103.809998,204.5
4/11/2016,109.019997,595.929993,108.989998,29.530001,102.68,204.020004
4/12/2016,110.440002,603.169983,110.610001,29.709999,106.980003,205.919998
4/13/2016,112.040001,614.820007,110.510002,30.780001,109.650002,208
4/14/2016,112.099998,620.75,110.839996,30.719999,110.419998,208.009995
4/15/2016,109.849998,625.890015,109.639999,30.559999,111.510002,207.779999
4/18/2016,107.480003,635.349976,110.449997,31.309999,108.400002,209.240005
4/19/2016,106.910004,627.900024,112.290001,31.969999,94.339996,209.899994
4/20/2016,107.129997,632.98999,112.419998,32.189999,96.769997,210.100006
4/21/2016,105.970001,631,113.440002,32.66,94.980003,208.970001
4/22/2016,105.68,620.5,110.559998,32.18,95.900002,208.970001
4/25/2016,105.080002,626.200012,110.099998,31.950001,93.559998,208.610001
4/26/2016,104.349998,616.880005,108.760002,32.189999,92.43,208.919998
4/27/2016,97.82,606.570007,108.889999,32.16,91.040001,209.350006
4/28/2016,94.830002,602,116.730003,32.439999,90.279999,207.449997
4/29/2016,93.739998,659.590027,117.580002,31.799999,90.029999,206.330002
5/2/2016,93.639999,683.849976,118.57,31.75,93.110001,207.970001
5/3/2016,95.18,671.320007,117.43,31.25,91.540001,206.160004
5/4/2016,94.190002,670.900024,118.059998,30.59,90.790001,205.009995
5/5/2016,93.239998,659.090027,117.809998,30.540001,89.370003,204.970001
5/6/2016,92.720001,673.950012,119.489998,30.959999,90.839996,205.720001
5/9/2016,92.790001,679.75,119.239998,30.780001,90.540001,205.889999
5/10/2016,93.419998,703.070007,120.5,31.35,92.889999,208.449997
5/11/2016,92.510002,713.22998,119.519997,31.08,90.019997,206.5
5/12/2016,90.339996,717.929993,120.279999,31.18,87.739998,206.559998
5/13/2016,90.519997,709.919983,119.809998,30.52,87.879997,204.759995
5/16/2016,93.879997,710.659973,118.669998,30.67,89.120003,206.779999
5/17/2016,93.489998,695.27002,117.349998,30.629999,88.629997,204.850006
5/18/2016,94.559998,697.450012,117.650002,30.75,90.5,204.910004
5/19/2016,94.199997,698.52002,116.809998,30.32,89.550003,204.199997
5/20/2016,95.220001,702.799988,117.349998,30.57,92.489998,205.490005
5/23/2016,96.43,696.75,115.970001,30.59,94.889999,205.210007
5/24/2016,97.900002,704.200012,117.699997,31.049999,97.889999,207.869995
5/25/2016,99.620003,708.349976,117.889999,31.65,100.199997,209.279999
5/26/2016,100.410004,714.909973,119.470001,31.290001,102.809998,209.339996
5/27/2016,100.349998,712.23999,119.379997,31.389999,103.300003,210.240005
5/31/2016,99.860001,722.789978,118.809998,31.280001,102.57,209.839996
6/1/2016,98.459999,719.440002,118.779999,30.219999,101.510002,210.270004
6/2/2016,97.720001,728.23999,118.93,30.26,101.25,210.910004
6/3/2016,97.919998,725.539978,118.470001,29.6,99.589996,210.279999
6/6/2016,98.629997,726.72998,118.790001,29.99,100.739998,211.350006
6/7/2016,99.029999,723.73999,117.760002,30.23,99.889999,211.679993
6/8/2016,98.940002,726.640015,118.389999,29.57,97.860001,212.369995
6/9/2016,99.650002,727.650024,118.559998,29.360001,97.089996,212.080002
6/10/2016,98.830002,717.909973,116.620003,29.059999,93.75,210.070007
6/13/2016,97.339996,715.23999,113.949997,29.08,93.849998,208.449997
6/14/2016,97.459999,719.299988,114.940002,28.83,94.120003,208.039993
6/15/2016,97.139999,714.26001,114.599998,28.860001,94.290001,207.75
6/16/2016,97.550003,717.51001,114.389999,29.02,95.440002,208.369995
6/17/2016,95.330002,706.390015,113.019997,29.23,94.449997,206.520004
6/20/2016,95.099998,714.01001,113.370003,29.65,93.800003,207.850006
6/21/2016,95.910004,715.820007,114.379997,29.51,90.989998,208.440002
6/22/2016,95.550003,710.599976,113.910004,29.32,90.010002,208.100006
6/23/2016,96.099998,722.080017,115.080002,29.82,91.660004,210.809998
6/24/2016,93.400002,698.960022,112.080002,28.35,88.440002,203.240005
6/27/2016,92.040001,691.359985,108.970001,27.51,85.330002,199.600006
6/28/2016,93.589996,707.950012,112.699997,27.74,87.970001,203.199997
6/29/2016,94.400002,715.599976,114.160004,28.17,91.059998,206.660004
6/30/2016,95.599998,715.619995,114.279999,28.299999,91.480003,209.479996
7/1/2016,95.889999,725.679993,114.190002,28.889999,96.669998,209.919998
7/5/2016,94.989998,728.099976,114.199997,28.17,97.910004,208.410004
7/6/2016,95.529999,737.609985,116.699997,28.4,94.599998,209.660004
7/7/2016,95.940002,736.570007,115.849998,28.74,95.099998,209.529999
7/8/2016,96.68,745.809998,117.239998,29.66,97.059998,212.649994
7/11/2016,96.980003,753.780029,117.870003,30.129999,94.669998,213.399994
7/12/2016,97.419998,748.210022,117.93,30.6,95.970001,214.949997
7/13/2016,96.870003,742.630005,116.779999,30.629999,96.43,214.919998
7/14/2016,98.790001,741.200012,117.290001,30.76,98.019997,216.119995
7/15/2016,98.779999,735.440002,116.860001,30.77,98.389999,215.830002
7/18/2016,99.830002,736.070007,119.370003,30.870001,98.809998,216.410004
7/19/2016,99.870003,739.950012,120.610001,31.25,85.839996,216.190002
7/20/2016,99.959999,745.719971,121.919998,31.49,87.910004,217.089996
7/21/2016,99.43,744.429993,120.610001,32.029999,85.989998,216.270004
7/22/2016,98.660004,744.859985,121,32.16,85.889999,217.240005
7/25/2016,97.339996,739.609985,121.629997,32.060001,87.660004,216.649994
7/26/2016,96.669998,735.590027,121.220001,32.150002,91.410004,216.75
7/27/2016,102.949997,736.669983,123.339996,32.02,92.040001,216.520004
7/28/2016,104.339996,752.609985,125,30.99,91.650002,216.770004
7/29/2016,104.209999,758.809998,123.940002,31.540001,91.25,217.119995
8/1/2016,106.050003,767.73999,124.309998,31.299999,94.370003,216.940002
8/2/2016,104.480003,760.580017,123.089996,29.93,93.559998,215.550003
8/3/2016,105.790001,754.640015,122.510002,30.24,93.099998,216.179993
8/4/2016,105.870003,760.77002,124.360001,30.34,93.440002,216.410004
8/5/2016,107.480003,765.97998,125.150002,30.799999,97.029999,218.179993
8/8/2016,108.370003,766.559998,125.260002,30.879999,95.110001,218.050003
8/9/2016,108.809998,768.309998,125.059998,31.07,93.989998,218.179993
8/10/2016,108,768.559998,124.879997,31.25,93.93,217.639999
8/11/2016,107.93,771.23999,124.900002,31.75,95.889999,218.649994
8/12/2016,108.18,772.559998,124.879997,31.57,96.589996,218.460007
8/15/2016,109.480003,768.48999,123.900002,31.860001,95.309998,219.089996
8/16/2016,109.379997,764.039978,123.300003,31.709999,95.120003,217.960007
8/17/2016,109.220001,764.630005,124.370003,31.85,96.370003,218.369995
8/18/2016,109.080002,764.460022,123.910004,31.549999,96.160004,218.860001
8/19/2016,109.360001,757.309998,123.559998,31.83,95.870003,218.539993
8/22/2016,108.510002,759.47998,124.150002,31.870001,95.260002,218.529999
8/23/2016,108.849998,762.450012,124.370003,31.9,95.940002,218.970001
8/24/2016,108.029999,757.25,123.480003,31.780001,95.18,217.850006
8/25/2016,107.57,759.219971,123.889999,31.540001,97.32,217.699997
8/26/2016,106.940002,769,124.959999,31.530001,97.580002,217.289993
8/29/2016,106.82,771.289978,126.540001,31.809999,97.300003,218.360001
8/30/2016,106,767.580017,125.839996,31.67,97.449997,218
8/31/2016,106.099998,769.159973,126.120003,31.92,97.449997,217.380005
9/1/2016,106.730003,770.619995,126.169998,31.799999,97.379997,217.389999
9/2/2016,107.730003,772.440002,126.510002,32.16,97.379997,218.369995
9/6/2016,107.699997,788.869995,129.729996,32.119999,100.089996,219.029999
9/7/2016,108.360001,784.47998,131.050003,31.889999,99.150002,219.009995
9/8/2016,105.519997,784.059998,130.270004,31.709999,99.660004,218.509995
9/9/2016,103.129997,760.140015,127.099998,30.48,96.5,213.279999
9/12/2016,105.440002,771.48999,128.690002,31.18,99.050003,216.339996
9/13/2016,107.949997,761.01001,127.209999,30.940001,96.089996,213.229996
9/14/2016,111.769997,761.090027,127.769997,30.709999,97.010002,213.149994
9/15/2016,115.57,769.690002,128.350006,31.120001,97.339996,215.279999
9/16/2016,114.919998,778.52002,129.070007,30.969999,99.480003,213.369995
9/19/2016,113.580002,775.099976,128.649994,31.719999,98.059998,213.410004
9/20/2016,113.57,780.219971,128.639999,31.65,98.25,213.419998
9/21/2016,113.550003,789.73999,129.940002,32.110001,94.879997,215.820007
9/22/2016,114.620003,804.700012,130.080002,32.389999,95.830002,217.179993
9/23/2016,112.709999,805.75,127.959999,32.119999,95.940002,215.990005
9/26/2016,112.879997,799.159973,127.309998,31.799999,94.559998,214.240005
9/27/2016,113.089996,816.109985,128.690002,31.6,97.07,215.570007
9/28/2016,113.949997,828.719971,129.229996,31.9,97.480003,216.639999
9/29/2016,112.18,829.049988,128.089996,31.48,96.669998,214.679993
9/30/2016,113.050003,837.309998,128.270004,31.77,98.550003,216.300003
10/3/2016,112.519997,836.73999,128.770004,32.040001,102.629997,215.779999
10/4/2016,113,834.030029,128.190002,32.169998,102.339996,214.679993
10/5/2016,113.050003,844.359985,128.470001,32.68,106.279999,215.630005
10/6/2016,113.889999,841.659973,128.740005,32.529999,105.07,215.779999
10/7/2016,114.059998,839.429993,128.990005,32.34,104.82,215.039993
10/10/2016,116.050003,841.710022,130.240005,32.150002,103.330002,216.160004
10/11/2016,116.300003,831,128.880005,31.889999,100.589996,213.429993
10/12/2016,117.339996,834.090027,129.050003,31.68,99.5,213.710007
10/13/2016,116.980003,829.280029,127.82,31.51,100.230003,213.009995
10/14/2016,117.629997,822.960022,127.879997,31.870001,101.470001,213.119995
10/17/2016,117.550003,812.950012,127.540001,31.559999,99.800003,212.380005
10/18/2016,117.470001,817.650024,128.570007,31.4,118.790001,213.710007
10/19/2016,117.120003,817.690002,130.110001,31.85,121.870003,214.279999
10/20/2016,117.059998,810.320007,130,31.75,123.349998,213.880005
10/21/2016,116.599998,818.98999,132.070007,32.040001,127.5,213.979996
10/24/2016,117.650002,838.090027,133.279999,32.98,127.330002,214.889999
10/25/2016,118.25,835.179993,132.289993,31.6,126.510002,214.169998
10/26/2016,115.589996,822.590027,131.039993,31.58,126.970001,213.740005
10/27/2016,114.480003,818.359985,129.690002,31.33,126.470001,213.169998
10/28/2016,113.720001,776.320007,131.289993,31.32,126.57,212.539993
10/31/2016,113.540001,789.820007,130.990005,31.6,124.870003,212.550003
11/1/2016,111.489998,785.409973,129.5,31.48,123.300003,211.009995
11/2/2016,111.589996,765.559998,127.169998,31.450001,122.339996,209.740005
11/3/2016,109.830002,767.030029,120,31.07,122.139999,208.779999
11/4/2016,108.839996,755.049988,120.75,31.16,122.029999,208.550003
11/7/2016,110.410004,784.929993,122.150002,32.02,124.580002,213.149994
11/8/2016,111.059998,787.75,124.220001,31.73,124.339996,214.110001
11/9/2016,110.879997,771.880005,123.18,30.959999,122.190002,216.380005
11/10/2016,107.790001,742.380005,120.800003,32.73,115.419998,216.919998
11/11/2016,108.43,739.01001,119.019997,34.02,114.779999,216.419998
11/14/2016,105.709999,719.070007,115.080002,33.279999,113.379997,216.589996
11/15/2016,107.110001,743.23999,117.199997,33.43,113.589996,218.279999
11/16/2016,109.989998,746.48999,116.339996,33.23,115.190002,217.869995
11/17/2016,109.949997,756.400024,117.790001,33.419998,115.029999,218.990005
11/18/2016,110.059998,760.159973,117.019997,33,115.209999,218.5
11/21/2016,111.730003,780,121.769997,33.009998,117.959999,220.149994
11/22/2016,111.800003,785.330017,121.470001,33.810001,118.040001,220.580002
11/23/2016,111.230003,780.119995,120.839996,33.860001,117.690002,220.699997
11/25/2016,111.790001,780.369995,120.379997,34.25,117.410004,221.520004
11/28/2016,111.57,766.77002,120.410004,34.049999,116.93,220.479996
11/29/2016,111.459999,762.52002,120.870003,34.57,117.510002,220.910004
11/30/2016,110.519997,750.570007,118.419998,34.529999,117,220.380005
12/1/2016,109.489998,743.650024,115.099998,36.43,117.220001,219.570007
12/2/2016,109.900002,740.340027,115.400002,35.41,120.809998,219.679993
12/5/2016,109.110001,759.359985,117.43,34.939999,119.160004,221
12/6/2016,109.949997,764.719971,117.309998,35.07,124.57,221.699997
12/7/2016,111.029999,770.419983,117.949997,36.299999,125.389999,224.600006
12/8/2016,112.120003,767.330017,118.910004,36.419998,123.239998,225.149994
12/9/2016,113.949997,768.659973,119.68,37.66,122.879997,226.509995
12/12/2016,113.300003,760.119995,117.769997,37.099998,122.830002,226.25
12/13/2016,115.190002,774.340027,120.309998,37.360001,123.779999,227.759995
12/14/2016,115.190002,768.820007,120.209999,35.950001,123.440002,225.880005
12/15/2016,115.82,761,120.57,36.240002,125,226.809998
12/16/2016,115.970001,757.77002,119.870003,36.369999,124.220001,225.039993
12/19/2016,116.639999,766,119.239998,36.400002,125.449997,225.529999
12/20/2016,116.949997,771.219971,119.089996,36.610001,125.120003,226.399994
12/21/2016,117.059998,770.599976,119.040001,36.419998,126.5,225.770004
12/22/2016,116.290001,766.340027,117.400002,35.689999,125.580002,225.380005
12/23/2016,116.519997,760.590027,117.269997,35.689999,125.589996,225.710007
12/27/2016,117.260002,771.400024,118.010002,35.540001,128.350006,226.270004
12/28/2016,116.760002,772.130005,116.919998,35.150002,125.889999,224.399994
12/29/2016,116.730003,765.150024,116.349998,35.139999,125.330002,224.350006
12/30/2016,115.82,749.869995,115.050003,34.84,123.800003,223.529999
1/3/2017,116.150002,753.669983,116.860001,35.150002,127.489998,225.240005
1/4/2017,116.019997,757.179993,118.690002,37.09,129.410004,226.580002
1/5/2017,116.610001,780.450012,120.669998,36.389999,131.809998,226.399994
1/6/2017,117.910004,795.98999,123.410004,35.990002,131.070007,227.210007
1/9/2017,118.989998,796.919983,124.900002,36.009998,130.949997,226.460007
1/10/2017,119.110001,795.900024,124.349998,37.349998,129.889999,226.460007
1/11/2017,119.75,799.02002,126.089996,37.950001,130.5,227.100006
1/12/2017,119.25,813.640015,126.620003,37.509998,129.179993,226.529999
1/13/2017,119.040001,817.140015,128.339996,37.34,133.699997,227.050003
1/17/2017,120,809.719971,127.870003,37.310001,132.889999,226.25
1/18/2017,119.989998,807.47998,127.919998,37.470001,133.259995,226.75
1/19/2017,119.779999,809.039978,127.550003,37.299999,138.410004,225.910004
1/20/2017,120,808.330017,127.040001,37.009998,138.600006,226.740005
1/23/2017,120.080002,817.880005,128.929993,36.650002,137.389999,226.149994
1/24/2017,119.970001,822.440002,129.369995,37,140.110001,227.600006
1/25/2017,121.879997,836.52002,131.479996,38.279999,139.520004,229.570007
1/26/2017,121.940002,839.150024,132.779999,37.52,138.960007,229.330002
1/27/2017,121.949997,835.77002,132.179993,37.009998,142.449997,228.970001
1/30/2017,121.629997,830.380005,130.979996,36.330002,141.220001,227.550003
1/31/2017,121.349998,823.47998,130.320007,36.610001,140.710007,227.529999
2/1/2017,128.75,832.349976,133.229996,36.139999,140.779999,227.619995
2/2/2017,128.529999,839.950012,130.839996,35.73,139.199997,227.770004
2/3/2017,129.080002,810.200012,130.979996,36.330002,140.25,229.339996
2/6/2017,130.289993,807.640015,132.059998,36.830002,140.970001,228.929993
2/7/2017,131.529999,812.5,131.839996,35.099998,144,228.940002
2/8/2017,132.039993,819.710022,134.199997,35.139999,144.740005,229.240005
2/9/2017,132.419998,821.359985,134.139999,35.080002,144.139999,230.600006
2/10/2017,132.119995,827.460022,134.190002,35.169998,144.820007,231.509995
2/13/2017,133.289993,836.530029,134.050003,35.52,143.199997,232.770004
2/14/2017,135.020004,836.390015,133.850006,37.240002,140.820007,233.699997
2/15/2017,135.509995,842.700012,133.440002,37.080002,142.270004,234.919998
2/16/2017,135.350006,844.140015,133.839996,37.029999,142.009995,234.720001
2/17/2017,135.720001,845.070007,133.529999,37.220001,142.220001,235.089996
2/21/2017,136.699997,856.440002,133.720001,37.810001,142.600006,236.490005
2/22/2017,137.110001,855.609985,136.119995,37.84,143.860001,236.279999
2/23/2017,136.529999,852.190002,135.360001,37.25,142.779999,236.440002
2/24/2017,136.660004,845.23999,135.440002,36.900002,143.25,236.740005
2/27/2017,136.929993,848.640015,136.410004,37.27,143.410004,237.110001
2/28/2017,136.990005,845.039978,135.539993,36.84,142.130005,236.470001
3/1/2017,139.789993,853.080017,137.419998,37.43,142.649994,239.779999
3/2/2017,138.960007,848.909973,136.759995,37.759998,139.529999,238.270004
3/3/2017,139.779999,849.880005,137.169998,38.23,139.139999,238.419998
3/6/2017,139.339996,846.609985,137.419998,37.91,141.940002,237.710007
3/7/2017,139.520004,846.02002,137.300003,37.52,141.429993,237
3/8/2017,139,850.5,137.720001,37.27,140.320007,236.559998
3/9/2017,138.679993,853,138.240005,36.830002,140.529999,236.860001
3/10/2017,139.139999,852.460022,138.789993,36.830002,140.889999,237.690002
3/13/2017,139.199997,854.590027,139.600006,36.869999,143.520004,237.809998
3/14/2017,138.990005,852.530029,139.320007,36.959999,143.190002,236.899994
3/15/2017,140.460007,852.969971,139.720001,37.09,145.25,238.949997
3/16/2017,140.690002,853.419983,139.990005,37.080002,144.389999,238.479996
3/17/2017,139.990005,852.309998,139.839996,36.330002,145.110001,237.029999
3/20/2017,141.460007,856.969971,139.940002,35.709999,145.830002,236.770004
3/21/2017,139.839996,843.200012,138.509995,34.549999,142.419998,233.729996
3/22/2017,141.419998,848.059998,139.589996,34.389999,142.649994,234.279999
3/23/2017,140.919998,847.380005,139.529999,34.259998,141.839996,234.029999
3/24/2017,140.639999,845.609985,140.339996,34.560001,142.020004,233.860001
3/27/2017,140.880005,846.820007,140.320007,34.709999,144.059998,233.619995
3/28/2017,143.800003,856,141.759995,35.560001,145.169998,235.320007
3/29/2017,144.119995,874.320007,142.649994,35.540001,146.470001,235.539993
3/30/2017,143.929993,876.340027,142.410004,35.41,148.059998,236.289993
3/31/2017,143.660004,886.539978,142.050003,35.360001,147.809998,235.740005
4/3/2017,143.699997,891.51001,142.279999,34.169998,146.919998,235.330002
4/4/2017,144.770004,906.830017,141.729996,34.27,145.5,235.479996
4/5/2017,144.020004,909.280029,141.850006,34,143.619995,234.779999
4/6/2017,143.660004,898.280029,141.169998,34.16,143.740005,235.440002
4/7/2017,143.339996,894.880005,140.779999,33.709999,143.110001,235.199997
4/10/2017,143.169998,907.039978,141.039993,33.970001,143.850006,235.339996
4/11/2017,141.630005,902.359985,139.919998,33.919998,144.350006,235.059998
4/12/2017,141.800003,896.22998,139.580002,33.939999,143.830002,234.029999
4/13/2017,141.050003,884.669983,139.389999,33.389999,142.919998,232.509995
4/17/2017,141.830002,901.98999,141.419998,33.900002,147.25,234.570007
4/18/2017,141.199997,903.780029,140.960007,33.689999,143.360001,233.869995
4/19/2017,140.679993,899.200012,142.270004,33.790001,139.759995,233.440002
4/20/2017,142.440002,902.059998,143.800003,34.099998,141.179993,235.339996
4/21/2017,142.270004,898.530029,143.679993,33.75,142.869995,234.589996
4/24/2017,143.639999,907.409973,145.470001,33.91,143.830002,237.169998
4/25/2017,144.529999,907.619995,146.490005,33.990002,152.160004,238.550003
4/26/2017,143.679993,909.289978,146.559998,34.380001,150.169998,238.399994
4/27/2017,143.789993,918.380005,147.699997,34.540001,153.080002,238.600006
4/28/2017,143.649994,924.98999,150.25,34.639999,152.199997,238.080002
5/1/2017,146.580002,948.22998,152.460007,34.200001,155.350006,238.679993
5/2/2017,147.509995,946.940002,152.779999,33.200001,156.449997,238.770004
5/3/2017,147.059998,941.030029,151.800003,33.48,155.589996,238.479996
5/4/2017,146.529999,937.530029,150.850006,33.150002,157.25,238.759995
5/5/2017,148.960007,934.150024,150.240005,33.77,156.600006,239.699997
5/8/2017,153.009995,949.039978,151.059998,33.970001,156.380005,239.660004
5/9/2017,153.990005,952.820007,150.479996,34.259998,157.460007,239.440002
5/10/2017,153.259995,948.950012,150.289993,34.23,160.279999,239.869995
5/11/2017,153.949997,947.619995,150.039993,34.110001,158.539993,239.380005
5/12/2017,156.100006,961.349976,150.330002,33.619999,160.809998,238.979996
5/15/2017,155.699997,957.969971,150.190002,33.82,160.020004,240.300003
5/16/2017,155.470001,966.070007,149.779999,33.419998,159.410004,240.080002
5/17/2017,150.25,944.76001,144.850006,32.419998,153.199997,235.820007
5/18/2017,152.539993,958.48999,147.660004,32.470001,155.699997,236.770004
5/19/2017,153.059998,959.840027,148.059998,32.720001,157.020004,238.309998
5/22/2017,153.990005,970.669983,148.240005,32.919998,157.160004,239.520004
5/23/2017,153.800003,971.539978,148.070007,33.220001,157.949997,240.050003
5/24/2017,153.339996,980.349976,150.039993,33.200001,157.75,240.610001
5/25/2017,153.869995,993.380005,151.960007,32.599998,163.050003,241.759995
5/26/2017,153.610001,995.780029,152.130005,33.07,162.429993,241.710007
5/30/2017,153.669998,996.700012,152.380005,33.529999,163.220001,241.5
5/31/2017,152.759995,994.619995,151.460007,33.93,163.070007,241.440002
6/1/2017,153.179993,995.950012,151.529999,34.43,162.990005,243.360001
6/2/2017,155.449997,1006.72998,153.610001,34.450001,165.179993,244.169998
6/5/2017,153.929993,1011.340027,153.630005,34.459999,165.059998,243.990005
6/6/2017,154.449997,1003,152.809998,34.43,165.169998,243.210007
6/7/2017,155.369995,1010.070007,153.119995,34.34,165.610001,243.660004
6/8/2017,154.990005,1010.27002,154.710007,34.110001,165.880005,243.779999
6/9/2017,148.979996,978.309998,149.600006,34.34,158.029999,243.410004
6/12/2017,145.419998,964.909973,148.440002,34.68,151.440002,243.360001
6/13/2017,146.589996,980.789978,150.679993,34.509998,152.720001,244.550003
6/14/2017,145.160004,976.469971,150.25,34.610001,152.199997,244.240005
6/15/2017,144.289993,964.169983,149.800003,34.599998,151.759995,243.770004
6/16/2017,142.270004,987.710022,150.639999,34.290001,152.380005,242.639999
6/19/2017,146.339996,995.169983,152.869995,34.349998,153.399994,244.660004
6/20/2017,145.009995,992.590027,152.25,34.400002,152.050003,243.009995
6/21/2017,145.869995,1002.22998,153.910004,34.130001,155.029999,242.949997
6/22/2017,145.630005,1001.299988,153.399994,34.189999,154.889999,242.839996
6/23/2017,146.279999,1003.73999,155.070007,34.200001,158.020004,243.130005
6/26/2017,145.820007,993.97998,153.589996,34.52,157.5,243.289993
6/27/2017,143.729996,976.780029,150.580002,34.209999,151.029999,241.330002
6/28/2017,145.830002,990.330017,153.240005,34.580002,153.410004,243.490005
6/29/2017,143.679993,975.929993,151.039993,34.860001,150.089996,241.350006
6/30/2017,144.020004,968,150.979996,34.93,149.410004,241.800003
7/3/2017,143.5,953.659973,148.429993,35.57,146.169998,242.210007
7/5/2017,144.089996,971.400024,150.339996,35.009998,147.610001,242.770004
7/6/2017,142.729996,965.140015,148.820007,34.869999,146.25,240.550003
7/7/2017,144.179993,978.76001,151.440002,34.939999,150.179993,242.110001
7/10/2017,145.059998,996.469971,153.5,35.189999,152.669998,242.369995
7/11/2017,145.529999,994.130005,155.270004,35.400002,154.330002,242.190002
7/12/2017,145.740005,1006.51001,158.899994,35.5,158.75,244.009995
7/13/2017,147.770004,1000.630005,159.259995,35.860001,158.210007,244.419998
7/14/2017,149.039993,1001.809998,159.970001,36.349998,161.119995,245.559998
7/17/2017,149.559998,1010.039978,159.729996,36.380001,161.699997,245.529999
7/18/2017,150.080002,1024.449951,162.860001,36.43,183.600006,245.660004
7/19/2017,151.020004,1026.869995,164.139999,36.470001,183.860001,246.990005
7/20/2017,150.339996,1028.699951,164.529999,36.41,183.600006,247.100006
7/21/2017,150.270004,1025.670044,164.429993,36.07,188.539993,246.880005
7/24/2017,152.089996,1038.949951,166,35.82,187.910004,246.820007
7/25/2017,152.740005,1039.869995,165.279999,35.57,186.970001,247.419998
7/26/2017,153.460007,1052.800049,165.610001,35.619999,189.080002,247.429993
7/27/2017,150.559998,1046,170.440002,35.939999,182.679993,247.199997
7/28/2017,149.5,1020.039978,172.449997,35.77,184.039993,246.910004
7/31/2017,148.729996,987.780029,169.25,35.98,181.660004,246.770004
8/1/2017,150.050003,996.190002,169.860001,34.759998,182.029999,247.320007
8/2/2017,157.139999,995.890015,169.300003,34.82,180.740005,247.440002
8/3/2017,155.570007,986.919983,168.589996,34.77,179.229996,246.960007
8/4/2017,156.389999,987.580017,169.619995,35.27,180.270004,247.410004
8/7/2017,158.809998,992.27002,171.979996,35.299999,181.330002,247.869995
8/8/2017,160.080002,989.840027,171.229996,35.389999,178.360001,247.259995
8/9/2017,161.059998,982.01001,171.179993,35.279999,175.779999,247.25
8/10/2017,155.320007,956.919983,167.399994,34.880001,169.139999,243.759995
8/11/2017,157.479996,967.98999,168.080002,34.93,171.399994,244.119995
8/14/2017,159.850006,983.299988,170.75,35.470001,171,246.539993
8/15/2017,161.600006,982.73999,171,35.540001,168.5,246.509995
8/16/2017,160.949997,978.179993,170,35.75,169.979996,246.940002
8/17/2017,157.860001,960.570007,166.910004,35,166.089996,243.089996
8/18/2017,157.5,958.469971,167.410004,34.830002,166.539993,242.710007
8/21/2017,157.210007,953.289978,167.779999,34.91,166.759995,242.899994
8/22/2017,159.779999,966.900024,169.639999,35.299999,169.339996,245.440002
8/23/2017,159.979996,958,168.710007,35.490002,169.059998,244.559998
8/24/2017,159.270004,952.450012,167.740005,35.52,168.130005,243.990005
8/25/2017,159.860001,945.26001,166.320007,35.599998,165.949997,244.559998
8/28/2017,161.470001,946.02002,167.240005,35.509998,167.119995,244.570007
8/29/2017,162.910004,954.059998,168.050003,35.52,168.809998,244.850006
8/30/2017,163.350006,967.590027,169.919998,35.82,174.690002,246.009995
8/31/2017,164,980.599976,171.970001,36.540001,174.710007,247.490005
9/1/2017,164.050003,978.25,172.020004,37.360001,174.740005,247.839996
9/5/2017,162.080002,965.27002,170.720001,37.23,174.520004,246.059998
9/6/2017,161.910004,967.799988,172.089996,37.669998,179.25,246.899994
9/7/2017,161.259995,979.469971,173.210007,36.91,179,246.869995
9/8/2017,158.630005,965.900024,170.949997,37,176.419998,246.580002
9/11/2017,161.5,977.960022,173.509995,37.349998,181.740005,249.210007
9/12/2017,160.860001,982.580017,172.960007,37.889999,185.149994,250.050003
9/13/2017,159.649994,999.599976,173.050003,38.209999,183.639999,250.169998
9/14/2017,158.279999,992.210022,170.960007,38.790001,182.630005,250.089996
9/15/2017,159.880005,986.789978,171.639999,38.880001,182.350006,249.190002
9/18/2017,158.669998,974.190002,170.009995,38.59,184.619995,249.720001
9/19/2017,158.729996,969.859985,172.520004,38.700001,185.679993,249.970001
9/20/2017,156.070007,973.210022,172.169998,38.880001,185.509995,250.059998
9/21/2017,153.389999,964.650024,171.110001,39.099998,188.779999,249.389999
9/22/2017,151.889999,955.099976,170.539993,39.419998,187.350006,249.440002
9/25/2017,150.550003,939.789978,162.869995,40.299999,178.550003,248.929993
9/26/2017,153.139999,938.599976,164.210007,40.259998,179.380005,249.080002
9/27/2017,154.229996,950.869995,167.679993,40.580002,181.970001,250.050003
9/28/2017,153.279999,956.400024,168.729996,40.580002,180.699997,250.350006
9/29/2017,154.119995,961.349976,170.869995,40.380001,181.350006,251.229996
10/2/2017,153.809998,959.190002,169.470001,42.150002,177.009995,252.320007
10/3/2017,154.479996,957.099976,169.960007,43.450001,179.190002,252.860001
10/4/2017,153.479996,965.450012,168.419998,43.779999,184.449997,253.160004
10/5/2017,155.389999,980.849976,171.240005,43.849998,194.389999,254.660004
10/6/2017,155.300003,989.580017,172.229996,44.93,198.020004,254.369995
10/9/2017,155.839996,990.98999,172.5,45.330002,196.869995,253.949997
10/10/2017,155.899994,987.200012,171.589996,45.209999,195.080002,254.619995
10/11/2017,156.550003,995,172.740005,45.470001,194.949997,255.020004
10/12/2017,156,1000.929993,172.550003,44.889999,195.860001,254.639999
10/13/2017,156.990005,1002.940002,173.740005,45.880001,199.490005,254.949997
10/16/2017,159.880005,1006.340027,174.520004,45.759998,202.679993,255.289993
10/17/2017,160.470001,1009.130005,176.110001,45.02,199.479996,255.470001
10/18/2017,159.759995,997,176.029999,45.119999,195.539993,255.720001
10/19/2017,155.979996,986.609985,174.559998,45.349998,195.130005,255.789993
10/20/2017,156.25,982.909973,174.979996,45.610001,194.160004,257.109985
10/23/2017,156.169998,966.299988,171.270004,45.150002,192.470001,256.109985
10/24/2017,157.100006,975.900024,171.800003,46.48,196.020004,256.559998
10/25/2017,156.410004,972.909973,170.600006,45.119999,193.770004,255.289993
10/26/2017,157.410004,972.429993,170.630005,45.25,195.210007,255.619995
10/27/2017,163.050003,1100.949951,177.880005,44.639999,199.539993,257.709991
10/30/2017,166.720001,1110.849976,179.869995,43.369999,198.369995,256.75
10/31/2017,169.039993,1105.280029,180.059998,42.98,196.429993,257.149994
11/1/2017,166.889999,1103.680054,182.660004,43.130001,198,257.48999
11/2/2017,168.110001,1094.219971,178.919998,42.599998,199.320007,257.589996
11/3/2017,172.5,1111.599976,178.919998,42.34,200.009995,258.450012
11/6/2017,174.25,1120.660034,180.169998,42.139999,200.130005,258.850006
11/7/2017,174.809998,1123.170044,180.25,41.700001,195.889999,258.670013
11/8/2017,176.240005,1132.880005,179.559998,42.110001,196.440002,259.109985
11/9/2017,175.880005,1129.130005,179.300003,42.110001,193.899994,258.170013
11/10/2017,174.669998,1125.349976,178.460007,42.66,192.020004,258.089996
11/13/2017,173.970001,1129.170044,178.770004,43.57,195.080002,258.329987
11/14/2017,171.339996,1136.839966,178.070007,43,195.710007,257.730011
11/15/2017,169.080002,1126.689941,177.949997,42.860001,192.119995,256.440002
11/16/2017,171.100006,1137.290039,179.589996,43.599998,195.509995,258.619995
11/17/2017,170.149994,1129.880005,179,43.880001,193.199997,257.859985
11/20/2017,169.979996,1126.310059,178.740005,44.880001,194.100006,258.299988
11/21/2017,173.139999,1139.48999,181.860001,44.970001,196.229996,259.98999
11/22/2017,174.960007,1156.160034,180.869995,44.290001,196.320007,259.76001
11/24/2017,174.970001,1186,182.779999,44.459999,195.75,260.359985
11/27/2017,174.089996,1195.829956,183.029999,44.169998,195.050003,260.230011
11/28/2017,173.070007,1193.599976,182.419998,44.919998,199.179993,262.869995
11/29/2017,169.479996,1161.27002,175.130005,43.810001,188.149994,262.709991
11/30/2017,171.850006,1176.75,177.179993,43.09,187.580002,265.01001
12/1/2017,171.050003,1162.349976,175.100006,42.790001,186.820007,264.459991
12/4/2017,169.800003,1133.949951,171.470001,43.049999,184.039993,264.140015
12/5/2017,169.639999,1141.569946,172.830002,42.799999,184.210007,263.190002
12/6/2017,169.009995,1152.349976,176.059998,42.150002,185.300003,263.23999
12/7/2017,169.320007,1159.790039,180.139999,42.02,185.199997,264.070007
12/8/2017,169.369995,1162,179,42.02,188.539993,265.51001
12/11/2017,172.669998,1168.920044,179.039993,41.669998,186.220001,266.309998
12/12/2017,171.699997,1165.079956,176.960007,41.529999,185.729996,266.779999
12/13/2017,172.270004,1164.130005,178.300003,41.400002,187.860001,266.75
12/14/2017,172.220001,1174.26001,178.389999,40.810001,189.559998,265.660004
12/15/2017,173.970001,1179.140015,180.179993,40.950001,190.119995,266.51001
12/18/2017,176.419998,1190.579956,180.820007,42.150002,190.419998,268.200012
12/19/2017,174.539993,1187.380005,179.509995,42.490002,187.020004,267.170013
12/20/2017,174.350006,1177.619995,177.889999,42.52,188.820007,267.029999
12/21/2017,175.009995,1174.76001,177.449997,42.16,188.619995,267.579987
12/22/2017,175.009995,1168.359985,177.199997,42.02,189.940002,267.51001
12/26/2017,170.570007,1176.76001,175.990005,41.799999,187.759995,267.190002
12/27/2017,170.600006,1182.26001,177.619995,41.310001,186.240005,267.320007
12/28/2017,171.080002,1186.099976,177.919998,41.380001,192.710007,267.869995
12/29/2017,169.229996,1169.469971,176.460007,40.990002,191.960007,266.859985
1/2/2018,172.259995,1189.01001,181.419998,41.799999,201.070007,268.769989
1/3/2018,172.229996,1204.199951,184.669998,42.82,205.050003,270.470001
1/4/2018,173.029999,1209.589966,184.330002,44.139999,205.630005,271.609985
1/5/2018,175,1229.140015,186.850006,44.009998,209.990005,273.420013
1/8/2018,174.350006,1246.869995,188.279999,44.220001,212.050003,273.920013
1/9/2018,174.330002,1252.699951,187.869995,44.049999,209.309998,274.540009
1/10/2018,174.289993,1254.329956,187.839996,43,212.520004,274.119995
1/11/2018,175.279999,1276.680054,187.770004,44.189999,217.240005,276.119995
1/12/2018,177.089996,1305.199951,179.369995,44.07,221.229996,277.920013
1/16/2018,176.190002,1304.859985,178.389999,44.189999,221.529999,276.970001
1/17/2018,179.100006,1295,177.600006,44.029999,217.5,279.609985
1/18/2018,179.259995,1293.319946,179.800003,43.860001,220.330002,279.140015
1/19/2018,178.460007,1294.579956,181.289993,43.150002,220.460007,280.410004
1/22/2018,177,1327.310059,185.369995,43.290001,227.580002,282.690002
1/23/2018,177.039993,1362.540039,189.350006,43.380001,250.289993,283.290009
1/24/2018,174.220001,1357.51001,186.550003,44.16,261.299988,283.179993
1/25/2018,171.110001,1377.949951,187.479996,43.16,269.700012,283.299988
1/26/2018,171.509995,1402.050049,190,43.490002,274.600006,286.579987
1/29/2018,167.960007,1417.680054,185.979996,43.02,284.589996,284.679993
1/30/2018,166.970001,1437.819946,187.119995,42.700001,278.799988,281.76001
1/31/2018,167.429993,1450.890015,186.889999,42.41,270.299988,281.899994
2/1/2018,167.779999,1390,193.089996,42.43,265.070007,281.579987
2/2/2018,160.5,1429.949951,190.279999,41,267.429993,275.450012
2/5/2018,156.490005,1390,181.259995,39.540001,254.259995,263.929993
2/6/2018,163.029999,1442.839966,185.309998,41.860001,265.720001,269.130005
2/7/2018,159.539993,1416.780029,180.179993,42.389999,264.559998,267.670013
2/8/2018,155.149994,1350.5,171.580002,40.75,250.100006,257.630005
2/9/2018,156.410004,1339.599976,176.110001,41.459999,249.470001,261.5
2/12/2018,162.710007,1386.22998,176.410004,42,257.950012,265.339996
2/13/2018,164.339996,1414.51001,173.149994,41.400002,258.269989,266
2/14/2018,167.369995,1451.050049,179.520004,41.810001,266,269.589996
2/15/2018,172.990005,1461.76001,179.960007,41.849998,280.269989,273.029999
2/16/2018,172.429993,1448.689941,177.360001,41.09,278.519989,273.109985
2/20/2018,171.850006,1468.349976,176.009995,40.77,278.549988,271.399994
2/21/2018,171.070007,1482.920044,177.910004,40.560001,281.040009,270.049988
2/22/2018,172.5,1485.339966,178.990005,40.91,278.140015,270.399994
2/23/2018,175.5,1500,183.289993,40.91,285.929993,274.709991
2/26/2018,178.970001,1521.949951,184.929993,41.540001,294.160004,277.899994
2/27/2018,178.389999,1511.97998,181.460007,40.169998,290.609985,274.429993
2/28/2018,178.119995,1512.449951,178.320007,39.349998,291.380005,271.649994
3/1/2018,175,1493.449951,175.940002,37.790001,290.390015,267.700012
3/2/2018,176.210007,1500.25,176.619995,37.43,301.049988,269.079987
3/5/2018,176.820007,1523.609985,180.399994,37.740002,315,272.190002
3/6/2018,176.669998,1537.640015,179.779999,37.93,325.220001,272.880005
3/7/2018,175.029999,1545,183.710007,37.740002,321.160004,272.779999
3/8/2018,176.940002,1551.859985,182.339996,37.84,317,274.100006
3/9/2018,179.979996,1578.890015,185.229996,37.84,331.440002,278.869995
3/12/2018,181.720001,1598.390015,184.759995,37.830002,321.299988,278.519989
3/13/2018,179.970001,1588.180054,181.880005,38.009998,315.880005,276.720001
3/14/2018,178.440002,1591,184.190002,37.689999,321.549988,275.299988
3/15/2018,178.649994,1582.319946,183.860001,37.849998,321.089996,275
3/16/2018,178.020004,1571.680054,185.089996,37.939999,318.450012,274.200012
3/19/2018,175.300003,1544.930054,172.559998,37.009998,313.480011,270.48999
3/20/2018,175.240005,1586.51001,168.149994,36.889999,317.5,270.950012
3/21/2018,171.270004,1581.859985,169.389999,37.580002,316.480011,270.429993
3/22/2018,168.850006,1544.920044,164.889999,36.349998,306.700012,263.670013
3/23/2018,164.940002,1495.560059,159.389999,35.169998,300.940002,258.049988
3/26/2018,172.770004,1555.859985,160.059998,35.990002,320.350006,265.109985
3/27/2018,168.339996,1497.050049,152.220001,34.869999,300.690002,260.600006
3/28/2018,166.479996,1431.420044,153.029999,35.470001,285.769989,259.829987
3/29/2018,167.779999,1447.339966,159.789993,36.34,295.350006,263.149994
4/2/2018,166.679993,1371.98999,155.389999,35.759998,280.290009,257.470001
4/3/2018,168.389999,1392.050049,156.110001,36.939999,283.670013,260.769989
4/4/2018,171.610001,1410.569946,155.100006,38.029999,288.940002,263.559998
4/5/2018,172.800003,1451.75,159.339996,38,293.970001,265.640015
4/6/2018,168.380005,1405.22998,157.199997,37.68,288.850006,259.720001
4/9/2018,170.050003,1406.079956,157.929993,37.830002,289.929993,261
4/10/2018,173.25,1436.219971,165.039993,39.07,298.070007,265.149994
4/11/2018,172.440002,1427.050049,166.320007,39,303.670013,263.76001
4/12/2018,174.139999,1448.5,163.869995,38.830002,309.25,265.929993
4/13/2018,174.729996,1430.790039,164.520004,38.73,311.649994,265.149994
4/16/2018,175.820007,1441.5,164.830002,39.169998,307.779999,267.329987
4/17/2018,178.240005,1503.829956,168.660004,39.220001,336.059998,270.190002
4/18/2018,177.839996,1527.839966,166.360001,38.93,334.519989,270.390015
4/19/2018,172.800003,1556.910034,168.100006,37.77,332.700012,268.890015
4/20/2018,165.720001,1527.48999,166.279999,37.610001,327.769989,266.609985
4/23/2018,165.240005,1517.859985,165.839996,37.689999,318.690002,266.570007
4/24/2018,162.940002,1460.089966,159.690002,37.93,307.019989,262.980011
4/25/2018,163.649994,1460.170044,159.690002,38.110001,305.76001,263.630005
4/26/2018,164.220001,1517.959961,174.160004,38.25,313.980011,266.309998
4/27/2018,162.320007,1572.619995,173.589996,37.650002,311.76001,266.559998
4/30/2018,165.259995,1566.130005,172,36.740002,312.459991,264.51001
5/1/2018,169.100006,1582.26001,173.860001,36.419998,313.299988,264.980011
5/2/2018,176.570007,1569.680054,176.070007,36.200001,313.359985,263.200012
5/3/2018,176.889999,1572.079956,174.020004,36.150002,311.690002,262.619995
5/4/2018,183.830002,1580.949951,176.610001,36.709999,320.089996,266.019989
5/7/2018,185.160004,1600.140015,177.970001,36.34,326.26001,266.920013
5/8/2018,186.050003,1592.390015,178.919998,36.330002,326.890015,266.920013
5/9/2018,187.360001,1608,182.660004,36.27,330.299988,269.5
5/10/2018,190.039993,1609.079956,185.529999,37.16,329.600006,272.019989
5/11/2018,188.589996,1602.910034,186.990005,36.889999,326.459991,272.850006
5/14/2018,188.149994,1601.540039,186.639999,36.630001,328.529999,272.980011
5/15/2018,186.440002,1576.119995,184.320007,36.939999,326.130005,271.100006
5/16/2018,188.179993,1587.280029,183.199997,38.029999,328.190002,272.23999
5/17/2018,186.990005,1581.76001,183.759995,38.299999,325.220001,272.01001
5/18/2018,186.309998,1574.369995,182.679993,37.790001,324.179993,271.329987
5/21/2018,187.630005,1585.459961,184.490005,38.09,331.820007,273.369995
5/22/2018,187.160004,1581.400024,183.800003,38.279999,331.619995,272.609985
5/23/2018,188.360001,1601.859985,186.899994,37.849998,344.720001,273.359985
5/24/2018,188.149994,1603.069946,185.929993,38.389999,349.290009,272.799988
5/25/2018,188.580002,1610.150024,184.919998,38.299999,351.290009,272.149994
5/29/2018,187.899994,1612.869995,185.740005,37.380001,349.730011,269.019989
5/30/2018,187.5,1624.890015,187.669998,37.830002,353.540009,272.609985
5/31/2018,186.869995,1629.619995,191.779999,42.700001,351.600006,270.940002
6/1/2018,190.240005,1641.540039,193.990005,43.200001,359.929993,273.600006
6/4/2018,191.830002,1665.27002,193.279999,43.779999,361.809998,274.899994
6/5/2018,193.309998,1696.349976,192.940002,43.41,365.799988,275.100006
6/6/2018,193.979996,1695.75,191.339996,43.93,367.450012,277.399994
6/7/2018,193.460007,1689.300049,188.179993,44.009998,361.399994,277.369995
6/8/2018,191.699997,1683.98999,189.100006,44.25,360.570007,278.190002
6/11/2018,191.229996,1689.119995,191.539993,44.849998,361.450012,278.559998
6/12/2018,192.279999,1698.75,192.399994,44.18,363.829987,278.920013
6/13/2018,190.699997,1704.859985,192.410004,44.450001,379.929993,278.029999
6/14/2018,190.800003,1723.859985,196.809998,43.57,392.869995,278.730011
6/15/2018,188.839996,1715.969971,195.850006,43.91,391.980011,277.130005
6/18/2018,188.740005,1723.790039,198.309998,43.950001,390.399994,276.559998
6/19/2018,185.690002,1734.780029,197.490005,42.259998,404.980011,275.5
6/20/2018,186.5,1750.079956,202,41.950001,416.76001,275.970001
6/21/2018,185.460007,1730.219971,201.5,41.119999,415.440002,274.23999
6/22/2018,184.919998,1715.670044,201.740005,41.25,411.089996,274.73999
6/25/2018,182.169998,1663.150024,196.350006,40.610001,384.480011,271
6/26/2018,184.429993,1691.089966,199,41.009998,399.390015,271.600006
6/27/2018,184.160004,1660.51001,195.839996,40.369999,390.390015,269.350006
6/28/2018,185.5,1701.449951,196.229996,40.52,395.420013,270.890015
6/29/2018,185.110001,1699.800049,194.320007,39.400002,391.429993,271.279999
7/2/2018,187.179993,1713.780029,197.360001,39.5,398.179993,271.859985
7/3/2018,183.919998,1693.959961,192.729996,38.970001,390.519989,270.899994
7/5/2018,185.399994,1699.72998,198.449997,39.470001,398.390015,273.109985
7/6/2018,187.970001,1710.630005,203.229996,39.16,408.25,275.420013
7/9/2018,190.580002,1739.02002,204.740005,39.75,418.970001,277.899994
7/10/2018,190.350006,1743.069946,203.539993,40.09,415.630005,278.899994
7/11/2018,187.880005,1755,202.539993,39.299999,418.649994,276.859985
7/12/2018,191.029999,1796.619995,206.919998,39.27,413.5,279.369995
7/13/2018,191.330002,1813.030029,207.320007,39.360001,395.799988,279.589996
7/16/2018,190.910004,1822.48999,207.229996,39.560001,400.480011,279.339996
7/17/2018,191.449997,1843.930054,209.990005,40.029999,379.480011,280.470001
7/18/2018,190.399994,1842.920044,209.360001,39.869999,375.130005,281.059998
7/19/2018,191.880005,1812.969971,208.089996,39.310001,364.230011,280
7/20/2018,191.440002,1813.699951,209.940002,39.400002,361.049988,279.679993
7/23/2018,191.610001,1802,210.910004,39.27,362.660004,280.200012
7/24/2018,193,1829.23999,214.669998,39.48,357.320007,281.609985
7/25/2018,194.820007,1863.609985,217.5,37.650002,362.869995,284.01001
7/26/2018,194.210007,1808,176.259995,36.75,363.089996,283.339996
7/27/2018,190.979996,1817.27002,174.889999,37.529999,355.209991,281.420013
7/30/2018,189.910004,1779.219971,171.059998,37.669998,334.959991,279.950012
7/31/2018,190.289993,1777.439941,172.580002,37.91,337.450012,281.329987
8/1/2018,201.5,1797.170044,171.649994,37.139999,338.380005,280.859985
8/2/2018,207.389999,1834.329956,176.369995,36.619999,344.5,282.390015
8/3/2018,207.990005,1823.290039,177.779999,37.73,343.089996,283.600006
8/6/2018,209.070007,1847.75,185.690002,37.599998,350.920013,284.640015
8/7/2018,207.110001,1862.47998,183.809998,37.580002,351.829987,285.579987
8/8/2018,207.25,1886.52002,185.179993,37.66,347.609985,285.459991
8/9/2018,208.880005,1898.52002,183.089996,37.509998,349.359985,285.070007
8/10/2018,207.529999,1886.300049,180.259995,36.59,345.869995,283.160004
8/13/2018,208.869995,1896.199951,180.050003,36.16,341.309998,282.100006
8/14/2018,209.75,1919.650024,181.110001,36.200001,337.48999,283.899994
8/15/2018,210.240005,1882.619995,179.529999,35.939999,326.399994,281.779999
8/16/2018,213.320007,1886.52002,174.699997,36.290001,322.440002,284.059998
8/17/2018,217.580002,1882.219971,173.800003,36.380001,316.779999,285.059998
8/20/2018,215.460007,1876.709961,172.5,36.77,327.730011,285.670013
8/21/2018,215.039993,1883.420044,172.619995,36.91,338.019989,286.339996
8/22/2018,215.050003,1904.900024,173.639999,36.130001,344.440002,286.170013
8/23/2018,215.490005,1902.900024,172.899994,35.669998,339.170013,285.790009
8/24/2018,216.160004,1905.390015,174.649994,35.950001,358.820007,287.51001
8/27/2018,217.940002,1927.680054,177.460007,37.689999,364.579987,289.779999
8/28/2018,219.699997,1932.819946,176.259995,37.32,368.48999,289.920013
8/29/2018,222.979996,1998.099976,175.899994,37.119999,368.040009,291.480011
8/30/2018,225.029999,2002.380005,177.639999,36.360001,370.980011,290.299988
8/31/2018,227.630005,2012.709961,175.729996,36.049999,367.679993,290.309998
9/4/2018,228.360001,2039.51001,171.160004,35.599998,363.600006,289.809998
9/5/2018,226.869995,1994.819946,167.179993,35.290001,341.179993,289.029999
9/6/2018,223.100006,1958.310059,162.529999,34.380001,346.459991,288.160004
9/7/2018,221.300003,1952.069946,163.039993,33.91,348.679993,287.600006
9/10/2018,218.330002,1939.01001,164.179993,33.869999,348.410004,288.100006
9/11/2018,223.850006,1987.150024,165.940002,33.77,355.929993,289.049988
9/12/2018,221.070007,1990,162,34.060001,369.950012,289.119995
9/13/2018,226.410004,1989.869995,161.360001,34.25,368.149994,290.829987
9/14/2018,223.839996,1970.189941,162.320007,34.630001,364.559998,290.880005
9/17/2018,217.880005,1908.030029,160.580002,35.02,350.350006,289.339996
9/18/2018,218.240005,1941.050049,160.300003,35.099998,367.649994,290.910004
9/19/2018,218.369995,1926.420044,163.059998,35.73,366.959991,291.220001
9/20/2018,220.029999,1944.300049,166.020004,36.080002,365.359985,293.579987
9/21/2018,217.660004,1915.01001,162.929993,35.32,361.190002,291.98999
9/24/2018,220.789993,1934.359985,165.410004,34.75,369.609985,291.019989
9/25/2018,222.190002,1974.550049,164.910004,33.549999,369.429993,290.75
9/26/2018,220.419998,1974.849976,166.949997,33.73,377.880005,289.880005
9/27/2018,224.949997,2012.97998,168.839996,33.669998,380.709991,290.690002
9/28/2018,225.740005,2003,164.460007,33.669998,374.130005,290.720001
10/1/2018,227.259995,2004.359985,162.440002,34.200001,381.429993,291.730011
10/2/2018,229.279999,1971.310059,159.330002,33.299999,377.140015,291.559998
10/3/2018,232.070007,1952.76001,162.429993,34,377.049988,291.720001
10/4/2018,227.990005,1909.420044,158.850006,34.25,363.649994,289.440002
10/5/2018,224.289993,1889.650024,157.330002,34.119999,351.350006,287.820007
10/8/2018,223.770004,1864.420044,157.25,34.25,349.100006,287.820007
10/9/2018,226.869995,1870.319946,157.899994,32.650002,355.709991,287.399994
10/10/2018,216.360001,1755.25,151.380005,32.599998,325.890015,278.299988
10/11/2018,214.449997,1719.359985,153.350006,32.310001,321.100006,272.170013
10/12/2018,222.110001,1788.609985,153.740005,31.790001,339.559998,275.950012
10/15/2018,217.360001,1760.949951,153.520004,32.119999,333.130005,274.399994
10/16/2018,222.149994,1819.959961,158.779999,32.34,346.399994,280.399994
10/17/2018,221.190002,1831.72998,159.419998,31.93,364.700012,280.450012
10/18/2018,216.020004,1770.719971,154.919998,31.08,346.709991,276.399994
10/19/2018,219.309998,1764.030029,154.050003,31.200001,332.670013,276.25
10/22/2018,220.649994,1789.300049,154.779999,31.34,329.540009,275.01001
10/23/2018,222.729996,1768.699951,154.389999,32.119999,333.160004,273.609985
10/24/2018,215.089996,1664.199951,146.039993,30.559999,301.829987,265.320007
10/25/2018,219.800003,1782.170044,150.949997,32,312.869995,270.079987
10/26/2018,216.300003,1642.810059,145.369995,32.650002,299.829987,265.329987
10/29/2018,212.240005,1538.880005,142.089996,33.130001,284.839996,263.859985
10/30/2018,213.300003,1530.420044,146.220001,33.540001,285.809998,267.769989
10/31/2018,218.860001,1598.01001,151.789993,36.59,301.779999,270.630005
11/1/2018,222.220001,1665.530029,151.75,36.470001,317.380005,273.51001
11/2/2018,207.479996,1665.530029,150.350006,36.029999,309.100006,271.890015
11/5/2018,201.589996,1627.800049,148.679993,36.25,315.440002,273.390015
11/6/2018,203.770004,1642.810059,149.940002,36.459999,310.839996,275.119995
11/7/2018,209.949997,1755.48999,151.529999,36.880001,327.5,281.01001
11/8/2018,208.490005,1754.910034,147.869995,36.57,317.920013,280.5
11/9/2018,204.470001,1712.430054,144.960007,35.700001,303.470001,277.76001
11/12/2018,194.169998,1636.849976,141.550003,35.689999,294.070007,272.570007
11/13/2018,192.229996,1631.170044,142.160004,35.93,294.399994,272.059998
11/14/2018,186.800003,1599.01001,144.220001,35.23,286.730011,270.200012
11/15/2018,191.410004,1619.439941,143.850006,35.549999,290.059998,273.019989
11/16/2018,193.529999,1593.410034,139.529999,35.75,286.209991,273.730011
11/19/2018,185.860001,1512.290039,131.550003,35.68,270.600006,269.100006
11/20/2018,176.979996,1495.459961,132.429993,35.09,266.980011,264.119995
11/21/2018,176.779999,1516.72998,134.820007,35.549999,262.130005,265.019989
11/23/2018,172.289993,1502.060059,131.729996,35.93,258.820007,263.25
11/26/2018,174.619995,1581.329956,136.380005,37.650002,261.429993,267.5
11/27/2018,174.240005,1581.420044,135,36.689999,266.630005,268.399994
11/28/2018,180.940002,1677.75,136.759995,36.950001,282.649994,274.579987
11/29/2018,179.550003,1673.569946,138.679993,36.759998,288.75,273.980011
11/30/2018,178.580002,1690.170044,140.610001,37.950001,286.130005,275.649994
12/3/2018,184.820007,1772.359985,141.089996,38.450001,290.299988,279.299988
12/4/2018,176.690002,1668.400024,137.929993,36.52,275.329987,270.25
12/6/2018,174.720001,1699.189941,139.630005,35.700001,282.880005,269.839996
12/7/2018,168.490005,1629.130005,137.419998,34.689999,265.140015,263.570007
12/10/2018,169.600006,1641.030029,141.850006,34.419998,269.700012,264.070007
12/11/2018,168.630005,1643.23999,142.080002,34.689999,265.320007,264.130005
12/12/2018,169.100006,1663.540039,144.5,35.68,274.880005,265.459991
12/13/2018,170.949997,1658.380005,145.009995,35.110001,276.019989,265.369995
12/14/2018,165.479996,1591.910034,144.059998,35.099998,266.839996,260.470001
12/17/2018,163.940002,1520.910034,140.190002,34.66,262.799988,255.360001
12/18/2018,166.070007,1551.47998,143.660004,34.900002,270.940002,255.080002
12/19/2018,160.889999,1495.079956,133.240005,34.93,266.769989,251.259995
12/20/2018,156.830002,1460.829956,133.399994,34.27,260.579987,247.169998
12/21/2018,150.729996,1377.449951,124.949997,32.98,246.389999,240.699997
12/24/2018,146.830002,1343.959961,124.059998,32.369999,233.880005,234.339996
12/26/2018,157.169998,1470.900024,134.179993,33.52,253.669998,246.179993
12/27/2018,156.149994,1461.640015,134.520004,33.959999,255.570007,248.070007
12/28/2018,156.229996,1478.02002,133.199997,33.919998,256.079987,247.75
12/31/2018,157.740005,1501.969971,131.089996,33.450001,267.660004,249.919998
