Date,Price
1-Jan-09,1.399
2-Jan-09,1.3879
5-Jan-09,1.3605
6-Jan-09,1.351
7-Jan-09,1.3634
8-Jan-09,1.3727
9-Jan-09,1.344
12-Jan-09,1.3371
13-Jan-09,1.3196
14-Jan-09,1.3162
15-Jan-09,1.3154
16-Jan-09,1.3304
19-Jan-09,1.3112
20-Jan-09,1.2889
21-Jan-09,1.3041
22-Jan-09,1.2986
23-Jan-09,1.2992
26-Jan-09,1.3166
27-Jan-09,1.3178
28-Jan-09,1.3138
29-Jan-09,1.2959
30-Jan-09,1.2782
2-Feb-09,1.2851
3-Feb-09,1.3037
4-Feb-09,1.283
5-Feb-09,1.2786
6-Feb-09,1.2933
9-Feb-09,1.301
10-Feb-09,1.2898
11-Feb-09,1.2896
12-Feb-09,1.2864
13-Feb-09,1.2862
16-Feb-09,1.2778
17-Feb-09,1.2591
18-Feb-09,1.2539
19-Feb-09,1.2663
20-Feb-09,1.2843
23-Feb-09,1.2708
24-Feb-09,1.284
25-Feb-09,1.271
26-Feb-09,1.2731
27-Feb-09,1.2669
2-Mar-09,1.2584
3-Mar-09,1.2567
4-Mar-09,1.2637
5-Mar-09,1.2561
6-Mar-09,1.2641
9-Mar-09,1.2611
10-Mar-09,1.2671
11-Mar-09,1.2829
12-Mar-09,1.2912
13-Mar-09,1.2925
16-Mar-09,1.2966
17-Mar-09,1.3013
18-Mar-09,1.3508
19-Mar-09,1.3666
20-Mar-09,1.3583
23-Mar-09,1.363
24-Mar-09,1.346
25-Mar-09,1.3586
26-Mar-09,1.3534
27-Mar-09,1.3301
30-Mar-09,1.3207
31-Mar-09,1.3251
1-Apr-09,1.3232
2-Apr-09,1.3463
3-Apr-09,1.3483
6-Apr-09,1.3407
7-Apr-09,1.3268
8-Apr-09,1.326
9-Apr-09,1.3165
10-Apr-09,1.3188
13-Apr-09,1.3365
14-Apr-09,1.3255
15-Apr-09,1.322
16-Apr-09,1.3179
17-Apr-09,1.3041
20-Apr-09,1.2916
21-Apr-09,1.2935
22-Apr-09,1.2999
23-Apr-09,1.3147
24-Apr-09,1.3255
27-Apr-09,1.3019
28-Apr-09,1.3146
29-Apr-09,1.3266
30-Apr-09,1.3226
1-May-09,1.3266
4-May-09,1.3405
5-May-09,1.3323
6-May-09,1.3319
7-May-09,1.3399
8-May-09,1.3647
11-May-09,1.3575
12-May-09,1.3644
13-May-09,1.3599
14-May-09,1.3634
15-May-09,1.3496
18-May-09,1.3557
19-May-09,1.3625
20-May-09,1.3771
21-May-09,1.3893
22-May-09,1.3994
25-May-09,1.4009
26-May-09,1.3991
27-May-09,1.3836
28-May-09,1.3937
29-May-09,1.4154
1-Jun-09,1.4165
2-Jun-09,1.4305
3-Jun-09,1.4152
4-Jun-09,1.4188
5-Jun-09,1.3975
8-Jun-09,1.3898
9-Jun-09,1.4066
10-Jun-09,1.3967
11-Jun-09,1.4106
12-Jun-09,1.4024
15-Jun-09,1.3792
16-Jun-09,1.3836
17-Jun-09,1.3942
18-Jun-09,1.3906
19-Jun-09,1.3943
22-Jun-09,1.3862
23-Jun-09,1.4079
24-Jun-09,1.3926
25-Jun-09,1.3988
26-Jun-09,1.4053
29-Jun-09,1.4076
30-Jun-09,1.4036
1-Jul-09,1.4152
2-Jul-09,1.3941
3-Jul-09,1.3964
6-Jul-09,1.3975
7-Jul-09,1.3922
8-Jul-09,1.3877
9-Jul-09,1.4026
10-Jul-09,1.3933
13-Jul-09,1.3979
14-Jul-09,1.397
15-Jul-09,1.4106
16-Jul-09,1.4148
17-Jul-09,1.4099
20-Jul-09,1.4228
21-Jul-09,1.4213
22-Jul-09,1.4211
23-Jul-09,1.416
24-Jul-09,1.4205
27-Jul-09,1.4245
28-Jul-09,1.4177
29-Jul-09,1.4037
30-Jul-09,1.4074
31-Jul-09,1.425
3-Aug-09,1.4418
4-Aug-09,1.44
5-Aug-09,1.4412
6-Aug-09,1.4348
7-Aug-09,1.4188
10-Aug-09,1.4146
11-Aug-09,1.4146
12-Aug-09,1.4203
13-Aug-09,1.4289
14-Aug-09,1.4205
17-Aug-09,1.4078
18-Aug-09,1.4133
19-Aug-09,1.4236
20-Aug-09,1.425
21-Aug-09,1.4323
24-Aug-09,1.4303
25-Aug-09,1.4298
26-Aug-09,1.425
27-Aug-09,1.4351
28-Aug-09,1.4299
31-Aug-09,1.4331
1-Sep-09,1.4221
2-Sep-09,1.4264
3-Sep-09,1.4254
4-Sep-09,1.4293
7-Sep-09,1.4335
8-Sep-09,1.4485
9-Sep-09,1.4561
10-Sep-09,1.4579
11-Sep-09,1.457
14-Sep-09,1.4624
15-Sep-09,1.4661
16-Sep-09,1.4712
17-Sep-09,1.4739
18-Sep-09,1.471
21-Sep-09,1.4675
22-Sep-09,1.479
23-Sep-09,1.4731
24-Sep-09,1.4661
25-Sep-09,1.4688
28-Sep-09,1.4621
29-Sep-09,1.4585
30-Sep-09,1.4636
1-Oct-09,1.4533
2-Oct-09,1.4572
5-Oct-09,1.465
6-Oct-09,1.4718
7-Oct-09,1.4688
8-Oct-09,1.479
9-Oct-09,1.473
12-Oct-09,1.4773
13-Oct-09,1.4859
14-Oct-09,1.4926
15-Oct-09,1.4945
16-Oct-09,1.4906
19-Oct-09,1.4964
20-Oct-09,1.4939
21-Oct-09,1.501
22-Oct-09,1.5023
23-Oct-09,1.5003
26-Oct-09,1.487
27-Oct-09,1.4809
28-Oct-09,1.4712
29-Oct-09,1.4834
30-Oct-09,1.4718
2-Nov-09,1.4769
3-Nov-09,1.4715
4-Nov-09,1.4878
5-Nov-09,1.4881
6-Nov-09,1.4849
9-Nov-09,1.4994
10-Nov-09,1.4983
11-Nov-09,1.4983
12-Nov-09,1.4843
13-Nov-09,1.4917
16-Nov-09,1.4973
17-Nov-09,1.4867
18-Nov-09,1.4965
19-Nov-09,1.4918
20-Nov-09,1.4861
23-Nov-09,1.4966
24-Nov-09,1.4961
25-Nov-09,1.514
26-Nov-09,1.5013
27-Nov-09,1.4967
30-Nov-09,1.5009
1-Dec-09,1.5088
2-Dec-09,1.5046
3-Dec-09,1.507
4-Dec-09,1.4851
7-Dec-09,1.4819
8-Dec-09,1.4699
9-Dec-09,1.4727
10-Dec-09,1.4735
11-Dec-09,1.4623
14-Dec-09,1.4656
15-Dec-09,1.4536
16-Dec-09,1.4537
17-Dec-09,1.4345
18-Dec-09,1.4343
21-Dec-09,1.4284
22-Dec-09,1.425
23-Dec-09,1.4327
24-Dec-09,1.4375
25-Dec-09,1.4397
28-Dec-09,1.4383
29-Dec-09,1.4354
30-Dec-09,1.4335
31-Dec-09,1.4318
1-Jan-10,1.4326
4-Jan-10,1.4413
5-Jan-10,1.4369
6-Jan-10,1.4413
7-Jan-10,1.4318
8-Jan-10,1.4413
11-Jan-10,1.4514
12-Jan-10,1.4495
13-Jan-10,1.4512
14-Jan-10,1.4503
15-Jan-10,1.4385
18-Jan-10,1.4386
19-Jan-10,1.4301
20-Jan-10,1.4101
21-Jan-10,1.4091
22-Jan-10,1.4138
25-Jan-10,1.4152
26-Jan-10,1.4076
27-Jan-10,1.4019
28-Jan-10,1.3963
29-Jan-10,1.3864
1-Feb-10,1.3929
2-Feb-10,1.3963
3-Feb-10,1.3899
4-Feb-10,1.3736
5-Feb-10,1.3664
8-Feb-10,1.3653
9-Feb-10,1.379
10-Feb-10,1.3727
11-Feb-10,1.3682
12-Feb-10,1.3618
15-Feb-10,1.3599
16-Feb-10,1.3769
17-Feb-10,1.3606
18-Feb-10,1.3617
19-Feb-10,1.3615
22-Feb-10,1.3598
23-Feb-10,1.3506
24-Feb-10,1.3531
25-Feb-10,1.3556
26-Feb-10,1.3626
1-Mar-10,1.3561
2-Mar-10,1.3605
3-Mar-10,1.37
4-Mar-10,1.358
5-Mar-10,1.3622
8-Mar-10,1.363
9-Mar-10,1.3601
10-Mar-10,1.366
11-Mar-10,1.3679
12-Mar-10,1.3763
15-Mar-10,1.3676
16-Mar-10,1.3772
17-Mar-10,1.3738
18-Mar-10,1.3607
19-Mar-10,1.3534
22-Mar-10,1.3556
23-Mar-10,1.35
24-Mar-10,1.3314
25-Mar-10,1.3279
26-Mar-10,1.3413
29-Mar-10,1.3478
30-Mar-10,1.3413
31-Mar-10,1.3512
1-Apr-10,1.3582
2-Apr-10,1.3504
5-Apr-10,1.3486
6-Apr-10,1.3399
7-Apr-10,1.334
8-Apr-10,1.336
9-Apr-10,1.3499
12-Apr-10,1.3586
13-Apr-10,1.3607
14-Apr-10,1.3653
15-Apr-10,1.358
16-Apr-10,1.3499
19-Apr-10,1.3485
20-Apr-10,1.3438
21-Apr-10,1.3387
22-Apr-10,1.3293
23-Apr-10,1.3386
26-Apr-10,1.3397
27-Apr-10,1.3165
28-Apr-10,1.3214
29-Apr-10,1.3225
30-Apr-10,1.3298
3-May-10,1.3194
4-May-10,1.2982
5-May-10,1.2814
6-May-10,1.2656
7-May-10,1.2762
10-May-10,1.2782
11-May-10,1.2655
12-May-10,1.2622
13-May-10,1.253
14-May-10,1.2363
17-May-10,1.2395
18-May-10,1.2183
19-May-10,1.2429
20-May-10,1.2468
21-May-10,1.2573
24-May-10,1.2353
25-May-10,1.2365
26-May-10,1.2168
27-May-10,1.2369
28-May-10,1.227
31-May-10,1.2306
1-Jun-10,1.2227
2-Jun-10,1.2251
3-Jun-10,1.2157
4-Jun-10,1.1976
7-Jun-10,1.1915
8-Jun-10,1.1975
9-Jun-10,1.1986
10-Jun-10,1.2109
11-Jun-10,1.2113
14-Jun-10,1.2218
15-Jun-10,1.2324
16-Jun-10,1.2308
17-Jun-10,1.238
18-Jun-10,1.2387
21-Jun-10,1.2308
22-Jun-10,1.2268
23-Jun-10,1.2315
24-Jun-10,1.2334
25-Jun-10,1.2377
28-Jun-10,1.2279
29-Jun-10,1.2182
30-Jun-10,1.2236
1-Jul-10,1.2519
2-Jul-10,1.2563
5-Jul-10,1.254
6-Jul-10,1.2624
7-Jul-10,1.2635
8-Jul-10,1.2694
9-Jul-10,1.2637
12-Jul-10,1.259
13-Jul-10,1.2728
14-Jul-10,1.2741
15-Jul-10,1.2939
16-Jul-10,1.2933
19-Jul-10,1.294
20-Jul-10,1.2886
21-Jul-10,1.2757
22-Jul-10,1.2891
23-Jul-10,1.2907
26-Jul-10,1.2995
27-Jul-10,1.2995
28-Jul-10,1.2993
29-Jul-10,1.3079
30-Jul-10,1.3048
2-Aug-10,1.3182
3-Aug-10,1.3228
4-Aug-10,1.316
5-Aug-10,1.3192
6-Aug-10,1.3285
9-Aug-10,1.3235
10-Aug-10,1.3178
11-Aug-10,1.2833
12-Aug-10,1.2824
13-Aug-10,1.2752
16-Aug-10,1.2826
17-Aug-10,1.2881
18-Aug-10,1.2857
19-Aug-10,1.2821
20-Aug-10,1.2708
23-Aug-10,1.2658
24-Aug-10,1.2625
25-Aug-10,1.2658
26-Aug-10,1.272
27-Aug-10,1.2765
30-Aug-10,1.2664
31-Aug-10,1.2687
1-Sep-10,1.2812
2-Sep-10,1.2826
3-Sep-10,1.2896
6-Sep-10,1.2873
7-Sep-10,1.2683
8-Sep-10,1.2723
9-Sep-10,1.2694
10-Sep-10,1.268
13-Sep-10,1.288
14-Sep-10,1.2996
15-Sep-10,1.3005
16-Sep-10,1.3076
17-Sep-10,1.3048
20-Sep-10,1.3066
21-Sep-10,1.3252
22-Sep-10,1.34
23-Sep-10,1.3312
24-Sep-10,1.3491
27-Sep-10,1.3457
28-Sep-10,1.3582
29-Sep-10,1.3629
30-Sep-10,1.3633
1-Oct-10,1.3792
4-Oct-10,1.3682
5-Oct-10,1.3834
6-Oct-10,1.3937
7-Oct-10,1.3927
8-Oct-10,1.3943
11-Oct-10,1.3874
12-Oct-10,1.3925
13-Oct-10,1.3963
14-Oct-10,1.4081
15-Oct-10,1.3979
18-Oct-10,1.3948
19-Oct-10,1.3735
20-Oct-10,1.3967
21-Oct-10,1.392
22-Oct-10,1.3952
25-Oct-10,1.3966
26-Oct-10,1.3861
27-Oct-10,1.3769
28-Oct-10,1.3932
29-Oct-10,1.395
1-Nov-10,1.3891
2-Nov-10,1.404
3-Nov-10,1.4145
4-Nov-10,1.42
5-Nov-10,1.4034
8-Nov-10,1.3921
9-Nov-10,1.3779
10-Nov-10,1.3784
11-Nov-10,1.3658
12-Nov-10,1.3693
15-Nov-10,1.3586
16-Nov-10,1.3493
17-Nov-10,1.3519
18-Nov-10,1.3645
19-Nov-10,1.3687
22-Nov-10,1.3626
23-Nov-10,1.3373
24-Nov-10,1.3332
25-Nov-10,1.3363
26-Nov-10,1.3243
29-Nov-10,1.3121
30-Nov-10,1.298
1-Dec-10,1.3143
2-Dec-10,1.3227
3-Dec-10,1.3415
6-Dec-10,1.3306
7-Dec-10,1.3264
8-Dec-10,1.3259
9-Dec-10,1.3245
10-Dec-10,1.3234
13-Dec-10,1.3391
14-Dec-10,1.3384
15-Dec-10,1.3213
16-Dec-10,1.3239
17-Dec-10,1.3182
20-Dec-10,1.3121
21-Dec-10,1.3096
22-Dec-10,1.31
23-Dec-10,1.312
24-Dec-10,1.3118
27-Dec-10,1.3161
28-Dec-10,1.312
29-Dec-10,1.3224
30-Dec-10,1.3283
31-Dec-10,1.3379
3-Jan-11,1.3354
4-Jan-11,1.3304
5-Jan-11,1.3152
6-Jan-11,1.3001
7-Jan-11,1.2919
10-Jan-11,1.2944
11-Jan-11,1.2978
12-Jan-11,1.3137
13-Jan-11,1.3354
14-Jan-11,1.3377
17-Jan-11,1.3294
18-Jan-11,1.3381
19-Jan-11,1.3469
20-Jan-11,1.3478
21-Jan-11,1.3618
24-Jan-11,1.3643
25-Jan-11,1.369
26-Jan-11,1.3698
27-Jan-11,1.3727
28-Jan-11,1.3613
31-Jan-11,1.3686
1-Feb-11,1.3834
2-Feb-11,1.3805
3-Feb-11,1.3632
4-Feb-11,1.3586
7-Feb-11,1.3588
8-Feb-11,1.3634
9-Feb-11,1.3731
10-Feb-11,1.3595
11-Feb-11,1.3549
14-Feb-11,1.3486
15-Feb-11,1.349
16-Feb-11,1.3568
17-Feb-11,1.3602
18-Feb-11,1.3697
21-Feb-11,1.3677
22-Feb-11,1.3654
23-Feb-11,1.3747
24-Feb-11,1.3804
25-Feb-11,1.3751
28-Feb-11,1.3802
1-Mar-11,1.3776
2-Mar-11,1.3864
3-Mar-11,1.3966
4-Mar-11,1.3985
7-Mar-11,1.3973
8-Mar-11,1.3904
9-Mar-11,1.3908
10-Mar-11,1.3794
11-Mar-11,1.391
14-Mar-11,1.399
15-Mar-11,1.3996
16-Mar-11,1.3903
17-Mar-11,1.4022
18-Mar-11,1.4179
21-Mar-11,1.4227
22-Mar-11,1.4202
23-Mar-11,1.4083
24-Mar-11,1.4175
25-Mar-11,1.4084
28-Mar-11,1.4085
29-Mar-11,1.4111
30-Mar-11,1.4127
31-Mar-11,1.4167
1-Apr-11,1.4231
4-Apr-11,1.4222
5-Apr-11,1.4223
6-Apr-11,1.4333
7-Apr-11,1.4304
8-Apr-11,1.4481
11-Apr-11,1.4435
12-Apr-11,1.4477
13-Apr-11,1.4441
14-Apr-11,1.4489
15-Apr-11,1.4432
18-Apr-11,1.4234
19-Apr-11,1.4337
20-Apr-11,1.4518
21-Apr-11,1.4552
22-Apr-11,1.4556
25-Apr-11,1.4581
26-Apr-11,1.4644
27-Apr-11,1.4777
28-Apr-11,1.4824
29-Apr-11,1.4802
2-May-11,1.4827
3-May-11,1.4828
4-May-11,1.4824
5-May-11,1.4541
6-May-11,1.431
9-May-11,1.4364
10-May-11,1.4407
11-May-11,1.4197
12-May-11,1.4243
13-May-11,1.4121
16-May-11,1.4154
17-May-11,1.4238
18-May-11,1.4246
19-May-11,1.4314
20-May-11,1.4155
23-May-11,1.4051
24-May-11,1.4104
25-May-11,1.4087
26-May-11,1.4139
27-May-11,1.4324
30-May-11,1.428
31-May-11,1.4396
1-Jun-11,1.4314
2-Jun-11,1.4491
3-Jun-11,1.4637
6-Jun-11,1.4577
7-Jun-11,1.4691
8-Jun-11,1.4577
9-Jun-11,1.4508
10-Jun-11,1.4348
13-Jun-11,1.4417
14-Jun-11,1.4441
15-Jun-11,1.4168
16-Jun-11,1.4213
17-Jun-11,1.4311
20-Jun-11,1.4309
21-Jun-11,1.4407
22-Jun-11,1.4354
23-Jun-11,1.4259
24-Jun-11,1.4193
27-Jun-11,1.4284
28-Jun-11,1.4369
29-Jun-11,1.4436
30-Jun-11,1.4506
1-Jul-11,1.4525
4-Jul-11,1.4541
5-Jul-11,1.4423
6-Jul-11,1.4318
7-Jul-11,1.4361
8-Jul-11,1.427
11-Jul-11,1.4036
12-Jul-11,1.3979
13-Jul-11,1.4184
14-Jul-11,1.4145
15-Jul-11,1.4153
18-Jul-11,1.4111
19-Jul-11,1.4156
20-Jul-11,1.422
21-Jul-11,1.4423
22-Jul-11,1.4356
25-Jul-11,1.4376
26-Jul-11,1.4512
27-Jul-11,1.4365
28-Jul-11,1.4331
29-Jul-11,1.4396
1-Aug-11,1.4251
2-Aug-11,1.4193
3-Aug-11,1.4325
4-Aug-11,1.4108
5-Aug-11,1.4282
8-Aug-11,1.4177
9-Aug-11,1.437
10-Aug-11,1.4174
11-Aug-11,1.4243
12-Aug-11,1.4249
15-Aug-11,1.4446
16-Aug-11,1.4409
17-Aug-11,1.4425
18-Aug-11,1.4331
19-Aug-11,1.4398
22-Aug-11,1.436
23-Aug-11,1.4438
24-Aug-11,1.4413
25-Aug-11,1.438
26-Aug-11,1.4499
29-Aug-11,1.451
30-Aug-11,1.4446
31-Aug-11,1.4379
1-Sep-11,1.4259
2-Sep-11,1.4205
5-Sep-11,1.4092
6-Sep-11,1.4
7-Sep-11,1.4097
8-Sep-11,1.3882
9-Sep-11,1.3653
12-Sep-11,1.3673
13-Sep-11,1.3683
14-Sep-11,1.3747
15-Sep-11,1.3878
16-Sep-11,1.38
19-Sep-11,1.3685
20-Sep-11,1.3706
21-Sep-11,1.3566
22-Sep-11,1.346
23-Sep-11,1.3498
26-Sep-11,1.354
27-Sep-11,1.3592
28-Sep-11,1.3542
29-Sep-11,1.3594
30-Sep-11,1.3386
3-Oct-11,1.3169
4-Oct-11,1.334
5-Oct-11,1.3348
6-Oct-11,1.3432
7-Oct-11,1.3377
10-Oct-11,1.3643
11-Oct-11,1.3645
12-Oct-11,1.3787
13-Oct-11,1.3776
14-Oct-11,1.3877
17-Oct-11,1.3742
18-Oct-11,1.3739
19-Oct-11,1.3756
20-Oct-11,1.3777
21-Oct-11,1.3896
24-Oct-11,1.3925
25-Oct-11,1.3906
26-Oct-11,1.3902
27-Oct-11,1.4192
28-Oct-11,1.4148
31-Oct-11,1.3857
1-Nov-11,1.3696
2-Nov-11,1.3746
3-Nov-11,1.3815
4-Nov-11,1.3796
7-Nov-11,1.3776
8-Nov-11,1.3838
9-Nov-11,1.3546
10-Nov-11,1.3603
11-Nov-11,1.3752
14-Nov-11,1.3626
15-Nov-11,1.3533
16-Nov-11,1.3463
17-Nov-11,1.346
18-Nov-11,1.351
21-Nov-11,1.3495
22-Nov-11,1.3514
23-Nov-11,1.3335
24-Nov-11,1.335
25-Nov-11,1.3234
28-Nov-11,1.331
29-Nov-11,1.3331
30-Nov-11,1.3443
1-Dec-11,1.3464
2-Dec-11,1.3403
5-Dec-11,1.3403
6-Dec-11,1.3403
7-Dec-11,1.3413
8-Dec-11,1.3346
9-Dec-11,1.3375
12-Dec-11,1.3186
13-Dec-11,1.3034
14-Dec-11,1.2981
15-Dec-11,1.3018
16-Dec-11,1.3035
19-Dec-11,1.2995
20-Dec-11,1.3079
21-Dec-11,1.3045
22-Dec-11,1.3051
23-Dec-11,1.3043
26-Dec-11,1.306
27-Dec-11,1.3068
28-Dec-11,1.2936
29-Dec-11,1.2962
30-Dec-11,1.2948
2-Jan-12,1.2929
3-Jan-12,1.3051
4-Jan-12,1.2942
5-Jan-12,1.278
6-Jan-12,1.2721
9-Jan-12,1.2767
10-Jan-12,1.2772
11-Jan-12,1.2704
12-Jan-12,1.2826
13-Jan-12,1.2677
16-Jan-12,1.2664
17-Jan-12,1.274
18-Jan-12,1.2854
19-Jan-12,1.2965
20-Jan-12,1.2938
23-Jan-12,1.303
24-Jan-12,1.3022
25-Jan-12,1.311
26-Jan-12,1.31
27-Jan-12,1.3226
30-Jan-12,1.3127
31-Jan-12,1.3079
1-Feb-12,1.3159
2-Feb-12,1.3146
3-Feb-12,1.3144
6-Feb-12,1.3134
7-Feb-12,1.3266
8-Feb-12,1.3258
9-Feb-12,1.3283
10-Feb-12,1.3175
13-Feb-12,1.3194
14-Feb-12,1.3119
15-Feb-12,1.3071
16-Feb-12,1.3141
17-Feb-12,1.3152
20-Feb-12,1.324
21-Feb-12,1.3241
22-Feb-12,1.3245
23-Feb-12,1.3369
24-Feb-12,1.3457
27-Feb-12,1.34
28-Feb-12,1.347
29-Feb-12,1.3326
1-Mar-12,1.3312
2-Mar-12,1.3203
5-Mar-12,1.3218
6-Mar-12,1.3115
7-Mar-12,1.315
8-Mar-12,1.3271
9-Mar-12,1.3114
12-Mar-12,1.3155
13-Mar-12,1.3084
14-Mar-12,1.3029
15-Mar-12,1.3083
16-Mar-12,1.3175
19-Mar-12,1.3241
20-Mar-12,1.3225
21-Mar-12,1.3212
22-Mar-12,1.3198
23-Mar-12,1.3273
26-Mar-12,1.3358
27-Mar-12,1.3318
28-Mar-12,1.3317
29-Mar-12,1.3302
30-Mar-12,1.3344
2-Apr-12,1.3323
3-Apr-12,1.3234
4-Apr-12,1.3142
5-Apr-12,1.3064
6-Apr-12,1.3096
9-Apr-12,1.3102
10-Apr-12,1.3081
11-Apr-12,1.311
12-Apr-12,1.3186
13-Apr-12,1.3077
16-Apr-12,1.3139
17-Apr-12,1.3125
18-Apr-12,1.3121
19-Apr-12,1.3136
20-Apr-12,1.3224
23-Apr-12,1.3155
24-Apr-12,1.3194
25-Apr-12,1.3223
26-Apr-12,1.3209
27-Apr-12,1.3255
30-Apr-12,1.3241
1-May-12,1.3239
2-May-12,1.3157
3-May-12,1.3152
4-May-12,1.3083
7-May-12,1.3054
8-May-12,1.3003
9-May-12,1.2933
10-May-12,1.2936
11-May-12,1.2917
14-May-12,1.2826
15-May-12,1.2731
16-May-12,1.2716
17-May-12,1.2694
18-May-12,1.2783
21-May-12,1.2814
22-May-12,1.2684
23-May-12,1.2586
24-May-12,1.2536
25-May-12,1.2517
28-May-12,1.2542
29-May-12,1.2498
30-May-12,1.237
31-May-12,1.2359
1-Jun-12,1.2435
4-Jun-12,1.2498
5-Jun-12,1.2454
6-Jun-12,1.2572
7-Jun-12,1.2562
8-Jun-12,1.2517
11-Jun-12,1.2475
12-Jun-12,1.2513
13-Jun-12,1.2556
14-Jun-12,1.2631
15-Jun-12,1.2638
18-Jun-12,1.2576
19-Jun-12,1.2688
20-Jun-12,1.2704
21-Jun-12,1.2544
22-Jun-12,1.257
25-Jun-12,1.2505
26-Jun-12,1.249
27-Jun-12,1.247
28-Jun-12,1.244
29-Jun-12,1.266
2-Jul-12,1.2586
3-Jul-12,1.2607
4-Jul-12,1.2523
5-Jul-12,1.2393
6-Jul-12,1.2288
9-Jul-12,1.2319
10-Jul-12,1.2252
11-Jul-12,1.2239
12-Jul-12,1.2198
13-Jul-12,1.2252
16-Jul-12,1.2273
17-Jul-12,1.2294
18-Jul-12,1.2284
19-Jul-12,1.228
20-Jul-12,1.2157
23-Jul-12,1.2115
24-Jul-12,1.206
25-Jul-12,1.2159
26-Jul-12,1.2283
27-Jul-12,1.2319
30-Jul-12,1.226
31-Jul-12,1.2304
1-Aug-12,1.2226
2-Aug-12,1.218
3-Aug-12,1.2387
6-Aug-12,1.2401
7-Aug-12,1.2401
8-Aug-12,1.2365
9-Aug-12,1.2306
10-Aug-12,1.229
13-Aug-12,1.2332
14-Aug-12,1.2322
15-Aug-12,1.2289
16-Aug-12,1.2355
17-Aug-12,1.2334
20-Aug-12,1.2344
21-Aug-12,1.2472
22-Aug-12,1.2528
23-Aug-12,1.2564
24-Aug-12,1.2513
27-Aug-12,1.25
28-Aug-12,1.2565
29-Aug-12,1.2529
30-Aug-12,1.2506
31-Aug-12,1.2577
3-Sep-12,1.2594
4-Sep-12,1.2567
5-Sep-12,1.2601
6-Sep-12,1.2631
7-Sep-12,1.2816
10-Sep-12,1.2759
11-Sep-12,1.2855
12-Sep-12,1.29
13-Sep-12,1.2989
14-Sep-12,1.3127
17-Sep-12,1.3117
18-Sep-12,1.3048
19-Sep-12,1.3048
20-Sep-12,1.2969
21-Sep-12,1.298
24-Sep-12,1.2931
25-Sep-12,1.29
26-Sep-12,1.2872
27-Sep-12,1.2914
28-Sep-12,1.2858
1-Oct-12,1.2889
2-Oct-12,1.292
3-Oct-12,1.2906
4-Oct-12,1.3018
5-Oct-12,1.3034
8-Oct-12,1.297
9-Oct-12,1.2885
10-Oct-12,1.2875
11-Oct-12,1.2927
12-Oct-12,1.295
15-Oct-12,1.295
16-Oct-12,1.3054
17-Oct-12,1.3119
18-Oct-12,1.3066
19-Oct-12,1.3022
22-Oct-12,1.306
23-Oct-12,1.2986
24-Oct-12,1.2974
25-Oct-12,1.2934
26-Oct-12,1.2942
29-Oct-12,1.2904
30-Oct-12,1.2959
31-Oct-12,1.296
1-Nov-12,1.2942
2-Nov-12,1.2837
5-Nov-12,1.2797
6-Nov-12,1.2814
7-Nov-12,1.2771
8-Nov-12,1.2747
9-Nov-12,1.2709
12-Nov-12,1.271
13-Nov-12,1.2704
14-Nov-12,1.2736
15-Nov-12,1.278
16-Nov-12,1.2744
19-Nov-12,1.2813
20-Nov-12,1.2818
21-Nov-12,1.2829
22-Nov-12,1.2883
23-Nov-12,1.2976
26-Nov-12,1.2973
27-Nov-12,1.2945
28-Nov-12,1.2953
29-Nov-12,1.2978
30-Nov-12,1.2986
3-Dec-12,1.3054
4-Dec-12,1.3094
5-Dec-12,1.3068
6-Dec-12,1.2968
7-Dec-12,1.2927
10-Dec-12,1.2941
11-Dec-12,1.3006
12-Dec-12,1.3074
13-Dec-12,1.3078
14-Dec-12,1.3163
17-Dec-12,1.3165
18-Dec-12,1.323
19-Dec-12,1.3228
20-Dec-12,1.3244
21-Dec-12,1.3188
24-Dec-12,1.3186
25-Dec-12,1.3183
26-Dec-12,1.3224
27-Dec-12,1.3236
28-Dec-12,1.3216
31-Dec-12,1.3196
1-Jan-13,1.3205
2-Jan-13,1.3186
3-Jan-13,1.3048
4-Jan-13,1.3069
7-Jan-13,1.3117
8-Jan-13,1.3083
9-Jan-13,1.3064
10-Jan-13,1.3271
11-Jan-13,1.3344
14-Jan-13,1.3383
15-Jan-13,1.3304
16-Jan-13,1.329
17-Jan-13,1.3377
18-Jan-13,1.3319
21-Jan-13,1.3314
22-Jan-13,1.3321
23-Jan-13,1.3318
24-Jan-13,1.3376
25-Jan-13,1.3462
28-Jan-13,1.3456
29-Jan-13,1.3493
30-Jan-13,1.3568
31-Jan-13,1.3579
1-Feb-13,1.364
4-Feb-13,1.3514
5-Feb-13,1.3584
6-Feb-13,1.3523
7-Feb-13,1.3396
8-Feb-13,1.3365
11-Feb-13,1.3407
12-Feb-13,1.3454
13-Feb-13,1.3453
14-Feb-13,1.3361
15-Feb-13,1.3363
18-Feb-13,1.3352
19-Feb-13,1.3388
20-Feb-13,1.3281
21-Feb-13,1.3189
22-Feb-13,1.319
25-Feb-13,1.3062
26-Feb-13,1.3062
27-Feb-13,1.3139
28-Feb-13,1.3056
1-Mar-13,1.3022
4-Mar-13,1.3026
5-Mar-13,1.3051
6-Mar-13,1.2967
7-Mar-13,1.3106
8-Mar-13,1.3006
11-Mar-13,1.3045
12-Mar-13,1.3034
13-Mar-13,1.2961
14-Mar-13,1.3005
15-Mar-13,1.3076
18-Mar-13,1.2956
19-Mar-13,1.2883
20-Mar-13,1.2933
21-Mar-13,1.2898
22-Mar-13,1.2988
25-Mar-13,1.2852
26-Mar-13,1.2861
27-Mar-13,1.278
28-Mar-13,1.2816
29-Mar-13,1.282
1-Apr-13,1.2849
2-Apr-13,1.282
3-Apr-13,1.2851
4-Apr-13,1.2936
5-Apr-13,1.299
8-Apr-13,1.3009
9-Apr-13,1.3082
10-Apr-13,1.307
11-Apr-13,1.3103
12-Apr-13,1.3112
15-Apr-13,1.3036
16-Apr-13,1.3178
17-Apr-13,1.303
18-Apr-13,1.3052
19-Apr-13,1.3052
22-Apr-13,1.3067
23-Apr-13,1.2999
24-Apr-13,1.3016
25-Apr-13,1.3013
26-Apr-13,1.3028
29-Apr-13,1.31
30-Apr-13,1.3167
1-May-13,1.318
2-May-13,1.3064
3-May-13,1.3115
6-May-13,1.3076
7-May-13,1.3079
8-May-13,1.3152
9-May-13,1.3043
10-May-13,1.2993
13-May-13,1.2976
14-May-13,1.292
15-May-13,1.2887
16-May-13,1.2882
17-May-13,1.2839
20-May-13,1.2883
21-May-13,1.2906
22-May-13,1.2858
23-May-13,1.2936
24-May-13,1.2932
27-May-13,1.2932
28-May-13,1.2856
29-May-13,1.2941
30-May-13,1.305
31-May-13,1.2999
3-Jun-13,1.3076
4-Jun-13,1.3081
5-Jun-13,1.3094
6-Jun-13,1.3247
7-Jun-13,1.3223
10-Jun-13,1.3257
11-Jun-13,1.3315
12-Jun-13,1.3337
13-Jun-13,1.3375
14-Jun-13,1.3347
17-Jun-13,1.3369
18-Jun-13,1.3394
19-Jun-13,1.3295
20-Jun-13,1.322
21-Jun-13,1.3123
24-Jun-13,1.3119
25-Jun-13,1.3085
26-Jun-13,1.3012
27-Jun-13,1.3037
28-Jun-13,1.301
1-Jul-13,1.3064
2-Jul-13,1.2979
3-Jul-13,1.3009
4-Jul-13,1.2913
5-Jul-13,1.2832
8-Jul-13,1.287
9-Jul-13,1.2781
10-Jul-13,1.2976
11-Jul-13,1.3096
12-Jul-13,1.3068
15-Jul-13,1.3062
16-Jul-13,1.3162
17-Jul-13,1.3125
18-Jul-13,1.311
19-Jul-13,1.3142
22-Jul-13,1.3186
23-Jul-13,1.3224
24-Jul-13,1.3201
25-Jul-13,1.3277
26-Jul-13,1.3279
29-Jul-13,1.3262
30-Jul-13,1.3263
31-Jul-13,1.3302
1-Aug-13,1.3207
2-Aug-13,1.3283
5-Aug-13,1.3258
6-Aug-13,1.3306
7-Aug-13,1.3337
8-Aug-13,1.3382
9-Aug-13,1.3343
12-Aug-13,1.33
13-Aug-13,1.3262
14-Aug-13,1.3256
15-Aug-13,1.3348
16-Aug-13,1.3329
19-Aug-13,1.3335
20-Aug-13,1.3417
21-Aug-13,1.3357
22-Aug-13,1.3356
23-Aug-13,1.3382
26-Aug-13,1.3369
27-Aug-13,1.3393
28-Aug-13,1.334
29-Aug-13,1.3241
30-Aug-13,1.3222
2-Sep-13,1.3192
3-Sep-13,1.317
4-Sep-13,1.3209
5-Sep-13,1.312
6-Sep-13,1.318
9-Sep-13,1.3255
10-Sep-13,1.3268
11-Sep-13,1.3312
12-Sep-13,1.3299
13-Sep-13,1.3294
16-Sep-13,1.3334
17-Sep-13,1.3359
18-Sep-13,1.3522
19-Sep-13,1.353
20-Sep-13,1.3524
23-Sep-13,1.3493
24-Sep-13,1.3474
25-Sep-13,1.3526
26-Sep-13,1.3489
27-Sep-13,1.3522
30-Sep-13,1.3526
1-Oct-13,1.3526
2-Oct-13,1.3579
3-Oct-13,1.3618
4-Oct-13,1.3558
7-Oct-13,1.3582
8-Oct-13,1.3573
9-Oct-13,1.3524
10-Oct-13,1.352
11-Oct-13,1.3542
14-Oct-13,1.3561
15-Oct-13,1.3523
16-Oct-13,1.3535
17-Oct-13,1.3676
18-Oct-13,1.3685
21-Oct-13,1.3683
22-Oct-13,1.3781
23-Oct-13,1.3777
24-Oct-13,1.38
25-Oct-13,1.3805
28-Oct-13,1.3784
29-Oct-13,1.3746
30-Oct-13,1.3736
31-Oct-13,1.3584
1-Nov-13,1.3487
4-Nov-13,1.3516
5-Nov-13,1.3474
6-Nov-13,1.3512
7-Nov-13,1.342
8-Nov-13,1.3371
11-Nov-13,1.3407
12-Nov-13,1.3436
13-Nov-13,1.3487
14-Nov-13,1.3459
15-Nov-13,1.3495
18-Nov-13,1.3505
19-Nov-13,1.3539
20-Nov-13,1.3439
21-Nov-13,1.3482
22-Nov-13,1.3558
25-Nov-13,1.3516
26-Nov-13,1.3572
27-Nov-13,1.3579
28-Nov-13,1.3605
29-Nov-13,1.359
2-Dec-13,1.3542
3-Dec-13,1.359
4-Dec-13,1.3594
5-Dec-13,1.3668
6-Dec-13,1.3706
9-Dec-13,1.3739
10-Dec-13,1.3761
11-Dec-13,1.3786
12-Dec-13,1.3755
13-Dec-13,1.3743
16-Dec-13,1.3761
17-Dec-13,1.3768
18-Dec-13,1.3685
19-Dec-13,1.3663
20-Dec-13,1.3672
23-Dec-13,1.3696
24-Dec-13,1.3684
25-Dec-13,1.368
26-Dec-13,1.3691
27-Dec-13,1.3742
30-Dec-13,1.3805
31-Dec-13,1.3746
1-Jan-14,1.3754
2-Jan-14,1.3672
3-Jan-14,1.3588
6-Jan-14,1.3628
7-Jan-14,1.3616
8-Jan-14,1.3575
9-Jan-14,1.3609
10-Jan-14,1.367
13-Jan-14,1.3672
14-Jan-14,1.3679
15-Jan-14,1.3605
16-Jan-14,1.362
17-Jan-14,1.3541
20-Jan-14,1.3552
21-Jan-14,1.3561
22-Jan-14,1.3548
23-Jan-14,1.3695
24-Jan-14,1.3678
27-Jan-14,1.3672
28-Jan-14,1.3669
29-Jan-14,1.3663
30-Jan-14,1.3556
31-Jan-14,1.3487
3-Feb-14,1.3525
4-Feb-14,1.3519
5-Feb-14,1.3533
6-Feb-14,1.359
7-Feb-14,1.3635
10-Feb-14,1.3647
11-Feb-14,1.3639
12-Feb-14,1.3594
13-Feb-14,1.3681
14-Feb-14,1.3693
17-Feb-14,1.3708
18-Feb-14,1.3758
19-Feb-14,1.3733
20-Feb-14,1.3718
21-Feb-14,1.374
24-Feb-14,1.3735
25-Feb-14,1.3746
26-Feb-14,1.3688
27-Feb-14,1.3709
28-Feb-14,1.3803
3-Mar-14,1.3735
4-Mar-14,1.3744
5-Mar-14,1.3733
6-Mar-14,1.3861
7-Mar-14,1.3878
10-Mar-14,1.3877
11-Mar-14,1.3859
12-Mar-14,1.3904
13-Mar-14,1.3869
14-Mar-14,1.3914
17-Mar-14,1.3922
18-Mar-14,1.3934
19-Mar-14,1.3833
20-Mar-14,1.3779
21-Mar-14,1.3794
24-Mar-14,1.3839
25-Mar-14,1.3827
26-Mar-14,1.3783
27-Mar-14,1.374
28-Mar-14,1.3753
31-Mar-14,1.3771
1-Apr-14,1.3794
2-Apr-14,1.3767
3-Apr-14,1.372
4-Apr-14,1.3703
7-Apr-14,1.3741
8-Apr-14,1.3796
9-Apr-14,1.3855
10-Apr-14,1.3888
11-Apr-14,1.3885
14-Apr-14,1.3821
15-Apr-14,1.3814
16-Apr-14,1.3816
17-Apr-14,1.3815
18-Apr-14,1.3815
21-Apr-14,1.3792
22-Apr-14,1.3805
23-Apr-14,1.3817
24-Apr-14,1.3832
25-Apr-14,1.3833
28-Apr-14,1.385
29-Apr-14,1.3812
30-Apr-14,1.3868
1-May-14,1.387
2-May-14,1.387
5-May-14,1.3876
6-May-14,1.3928
7-May-14,1.3912
8-May-14,1.3841
9-May-14,1.376
12-May-14,1.3757
13-May-14,1.3704
14-May-14,1.3715
15-May-14,1.3711
16-May-14,1.3695
19-May-14,1.3709
20-May-14,1.3703
21-May-14,1.3687
22-May-14,1.3656
23-May-14,1.3634
26-May-14,1.3646
27-May-14,1.3634
28-May-14,1.3591
29-May-14,1.3602
30-May-14,1.3631
2-Jun-14,1.3597
3-Jun-14,1.3628
4-Jun-14,1.3599
5-Jun-14,1.366
6-Jun-14,1.3643
9-Jun-14,1.3594
10-Jun-14,1.3548
11-Jun-14,1.3533
12-Jun-14,1.3553
13-Jun-14,1.3542
16-Jun-14,1.3575
17-Jun-14,1.3546
18-Jun-14,1.3596
19-Jun-14,1.3609
20-Jun-14,1.3599
23-Jun-14,1.3605
24-Jun-14,1.3605
25-Jun-14,1.363
26-Jun-14,1.3611
27-Jun-14,1.3649
30-Jun-14,1.3692
1-Jul-14,1.3679
2-Jul-14,1.366
3-Jul-14,1.3611
4-Jul-14,1.3596
7-Jul-14,1.3605
8-Jul-14,1.3613
9-Jul-14,1.3645
10-Jul-14,1.361
11-Jul-14,1.3609
14-Jul-14,1.362
15-Jul-14,1.3572
16-Jul-14,1.3525
17-Jul-14,1.3527
18-Jul-14,1.3525
21-Jul-14,1.3523
22-Jul-14,1.3466
23-Jul-14,1.3465
24-Jul-14,1.3464
25-Jul-14,1.3432
28-Jul-14,1.3441
29-Jul-14,1.341
30-Jul-14,1.3397
31-Jul-14,1.3389
1-Aug-14,1.343
4-Aug-14,1.3422
5-Aug-14,1.3376
6-Aug-14,1.3382
7-Aug-14,1.3363
8-Aug-14,1.3411
11-Aug-14,1.3386
12-Aug-14,1.3369
13-Aug-14,1.3365
14-Aug-14,1.3365
15-Aug-14,1.3399
18-Aug-14,1.3363
19-Aug-14,1.332
20-Aug-14,1.326
21-Aug-14,1.3282
22-Aug-14,1.3243
25-Aug-14,1.3192
26-Aug-14,1.3169
27-Aug-14,1.3193
28-Aug-14,1.3183
29-Aug-14,1.3133
1-Sep-14,1.3128
2-Sep-14,1.3133
3-Sep-14,1.3151
4-Sep-14,1.2945
5-Sep-14,1.295
8-Sep-14,1.2897
9-Sep-14,1.2938
10-Sep-14,1.2917
11-Sep-14,1.2926
12-Sep-14,1.2965
15-Sep-14,1.2942
16-Sep-14,1.296
17-Sep-14,1.2866
18-Sep-14,1.2923
19-Sep-14,1.2829
22-Sep-14,1.285
23-Sep-14,1.2847
24-Sep-14,1.278
25-Sep-14,1.275
26-Sep-14,1.2685
29-Sep-14,1.2685
30-Sep-14,1.2632
1-Oct-14,1.2624
2-Oct-14,1.2668
3-Oct-14,1.2517
6-Oct-14,1.2654
7-Oct-14,1.267
8-Oct-14,1.2734
9-Oct-14,1.2691
10-Oct-14,1.2628
13-Oct-14,1.2753
14-Oct-14,1.2659
15-Oct-14,1.2837
16-Oct-14,1.2809
17-Oct-14,1.2763
20-Oct-14,1.2799
21-Oct-14,1.2715
22-Oct-14,1.2649
23-Oct-14,1.2647
24-Oct-14,1.267
27-Oct-14,1.2698
28-Oct-14,1.2734
29-Oct-14,1.2632
30-Oct-14,1.2613
31-Oct-14,1.2525
3-Nov-14,1.2483
4-Nov-14,1.2546
5-Nov-14,1.2486
6-Nov-14,1.2375
7-Nov-14,1.2454
10-Nov-14,1.2421
11-Nov-14,1.2475
12-Nov-14,1.2439
13-Nov-14,1.2477
14-Nov-14,1.2523
17-Nov-14,1.245
18-Nov-14,1.2537
19-Nov-14,1.2554
20-Nov-14,1.254
21-Nov-14,1.239
24-Nov-14,1.2443
25-Nov-14,1.2475
26-Nov-14,1.2506
27-Nov-14,1.2467
28-Nov-14,1.2452
1-Dec-14,1.247
2-Dec-14,1.2383
3-Dec-14,1.2311
4-Dec-14,1.2379
5-Dec-14,1.2285
8-Dec-14,1.2317
9-Dec-14,1.2375
10-Dec-14,1.2448
11-Dec-14,1.2411
12-Dec-14,1.2462
15-Dec-14,1.2437
16-Dec-14,1.2511
17-Dec-14,1.2343
18-Dec-14,1.2286
19-Dec-14,1.2228
22-Dec-14,1.2231
23-Dec-14,1.2172
24-Dec-14,1.2195
25-Dec-14,1.2222
26-Dec-14,1.2176
29-Dec-14,1.2152
30-Dec-14,1.2157
31-Dec-14,1.2098
1-Jan-15,1.2104
2-Jan-15,1.2003
5-Jan-15,1.1934
6-Jan-15,1.1889
7-Jan-15,1.1839
8-Jan-15,1.1793
9-Jan-15,1.1841
12-Jan-15,1.1834
13-Jan-15,1.1772
14-Jan-15,1.1789
15-Jan-15,1.1631
16-Jan-15,1.157
19-Jan-15,1.1606
20-Jan-15,1.1551
21-Jan-15,1.161
22-Jan-15,1.1366
23-Jan-15,1.1208
26-Jan-15,1.1239
27-Jan-15,1.1381
28-Jan-15,1.1288
29-Jan-15,1.132
30-Jan-15,1.1288
2-Feb-15,1.1342
3-Feb-15,1.1481
4-Feb-15,1.1347
5-Feb-15,1.1477
6-Feb-15,1.1315
9-Feb-15,1.1324
10-Feb-15,1.1321
11-Feb-15,1.1334
12-Feb-15,1.1403
13-Feb-15,1.1385
16-Feb-15,1.1353
17-Feb-15,1.1412
18-Feb-15,1.1397
19-Feb-15,1.1366
20-Feb-15,1.1381
23-Feb-15,1.1332
24-Feb-15,1.1341
25-Feb-15,1.1362
26-Feb-15,1.1198
27-Feb-15,1.1195
2-Mar-15,1.1185
3-Mar-15,1.1176
4-Mar-15,1.1079
5-Mar-15,1.1031
6-Mar-15,1.0844
9-Mar-15,1.0852
10-Mar-15,1.0698
11-Mar-15,1.0547
12-Mar-15,1.0635
13-Mar-15,1.0495
16-Mar-15,1.0568
17-Mar-15,1.0598
18-Mar-15,1.0867
19-Mar-15,1.066
20-Mar-15,1.0822
23-Mar-15,1.0947
24-Mar-15,1.0926
25-Mar-15,1.0972
26-Mar-15,1.0884
27-Mar-15,1.0888
30-Mar-15,1.0834
31-Mar-15,1.0731
1-Apr-15,1.0764
2-Apr-15,1.0884
3-Apr-15,1.0978
6-Apr-15,1.0924
7-Apr-15,1.0816
8-Apr-15,1.0781
9-Apr-15,1.0659
10-Apr-15,1.0604
13-Apr-15,1.0568
14-Apr-15,1.0654
15-Apr-15,1.0686
16-Apr-15,1.0762
17-Apr-15,1.0807
20-Apr-15,1.0737
21-Apr-15,1.0736
22-Apr-15,1.0726
23-Apr-15,1.0827
24-Apr-15,1.0874
27-Apr-15,1.0888
28-Apr-15,1.0981
29-Apr-15,1.1132
30-Apr-15,1.1225
1-May-15,1.1202
4-May-15,1.1146
5-May-15,1.1186
6-May-15,1.1353
7-May-15,1.1267
8-May-15,1.1204
11-May-15,1.1155
12-May-15,1.1214
13-May-15,1.1357
14-May-15,1.141
15-May-15,1.1452
18-May-15,1.1315
19-May-15,1.1149
20-May-15,1.1093
21-May-15,1.1113
22-May-15,1.1018
25-May-15,1.0978
26-May-15,1.0873
27-May-15,1.0905
28-May-15,1.0949
29-May-15,1.0988
1-Jun-15,1.0928
2-Jun-15,1.1155
3-Jun-15,1.1275
4-Jun-15,1.1239
5-Jun-15,1.1113
8-Jun-15,1.1292
9-Jun-15,1.1284
10-Jun-15,1.1326
11-Jun-15,1.1258
12-Jun-15,1.1269
15-Jun-15,1.1284
16-Jun-15,1.1248
17-Jun-15,1.1337
18-Jun-15,1.136
19-Jun-15,1.1353
22-Jun-15,1.1341
23-Jun-15,1.117
24-Jun-15,1.1207
25-Jun-15,1.1204
26-Jun-15,1.1166
29-Jun-15,1.1236
30-Jun-15,1.1138
1-Jul-15,1.1054
2-Jul-15,1.1084
3-Jul-15,1.1114
6-Jul-15,1.1057
7-Jul-15,1.1012
8-Jul-15,1.1077
9-Jul-15,1.1038
10-Jul-15,1.1164
13-Jul-15,1.1004
14-Jul-15,1.1012
15-Jul-15,1.0949
16-Jul-15,1.0875
17-Jul-15,1.0829
20-Jul-15,1.0827
21-Jul-15,1.0937
22-Jul-15,1.0934
23-Jul-15,1.0983
24-Jul-15,1.0984
27-Jul-15,1.1094
28-Jul-15,1.1059
29-Jul-15,1.0986
30-Jul-15,1.0933
31-Jul-15,1.0988
3-Aug-15,1.0951
4-Aug-15,1.0882
5-Aug-15,1.0906
6-Aug-15,1.0925
7-Aug-15,1.0968
10-Aug-15,1.1019
11-Aug-15,1.104
12-Aug-15,1.1157
13-Aug-15,1.1149
14-Aug-15,1.1107
17-Aug-15,1.1081
18-Aug-15,1.1021
19-Aug-15,1.1119
20-Aug-15,1.1242
21-Aug-15,1.1389
24-Aug-15,1.162
25-Aug-15,1.1517
26-Aug-15,1.1315
27-Aug-15,1.1245
28-Aug-15,1.1179
31-Aug-15,1.1214
1-Sep-15,1.1319
2-Sep-15,1.1227
3-Sep-15,1.1124
4-Sep-15,1.1147
7-Sep-15,1.1168
8-Sep-15,1.12
9-Sep-15,1.1207
10-Sep-15,1.128
11-Sep-15,1.134
14-Sep-15,1.1321
15-Sep-15,1.1267
16-Sep-15,1.129
17-Sep-15,1.1437
18-Sep-15,1.1305
21-Sep-15,1.1189
22-Sep-15,1.112
23-Sep-15,1.1187
24-Sep-15,1.123
25-Sep-15,1.1195
28-Sep-15,1.1246
29-Sep-15,1.1249
30-Sep-15,1.1177
1-Oct-15,1.1195
2-Oct-15,1.1211
5-Oct-15,1.1185
6-Oct-15,1.1271
7-Oct-15,1.1235
8-Oct-15,1.1279
9-Oct-15,1.1358
12-Oct-15,1.1355
13-Oct-15,1.1379
14-Oct-15,1.1473
15-Oct-15,1.1383
16-Oct-15,1.1347
19-Oct-15,1.1327
20-Oct-15,1.1345
21-Oct-15,1.1339
22-Oct-15,1.1107
23-Oct-15,1.1018
26-Oct-15,1.1056
27-Oct-15,1.1048
28-Oct-15,1.092
29-Oct-15,1.0976
30-Oct-15,1.1006
2-Nov-15,1.1015
3-Nov-15,1.0968
4-Nov-15,1.0863
5-Nov-15,1.0884
6-Nov-15,1.0741
9-Nov-15,1.0752
10-Nov-15,1.0724
11-Nov-15,1.0744
12-Nov-15,1.0817
13-Nov-15,1.0779
16-Nov-15,1.0686
17-Nov-15,1.0644
18-Nov-15,1.0659
19-Nov-15,1.0734
20-Nov-15,1.0646
23-Nov-15,1.0636
24-Nov-15,1.0641
25-Nov-15,1.0627
26-Nov-15,1.061
27-Nov-15,1.0593
30-Nov-15,1.0564
1-Dec-15,1.0631
2-Dec-15,1.0615
3-Dec-15,1.0941
4-Dec-15,1.0886
7-Dec-15,1.0835
8-Dec-15,1.0894
9-Dec-15,1.1025
10-Dec-15,1.0941
11-Dec-15,1.0989
14-Dec-15,1.0992
15-Dec-15,1.0928
16-Dec-15,1.0913
17-Dec-15,1.0825
18-Dec-15,1.0868
21-Dec-15,1.0915
22-Dec-15,1.0955
23-Dec-15,1.0909
24-Dec-15,1.0972
25-Dec-15,1.0977
28-Dec-15,1.0968
29-Dec-15,1.0917
30-Dec-15,1.0932
31-Dec-15,1.0861
1-Jan-16,1.086
4-Jan-16,1.0831
5-Jan-16,1.0748
6-Jan-16,1.0781
7-Jan-16,1.0936
8-Jan-16,1.0932
11-Jan-16,1.086
12-Jan-16,1.0857
13-Jan-16,1.0877
14-Jan-16,1.0865
15-Jan-16,1.0917
18-Jan-16,1.0892
19-Jan-16,1.0909
20-Jan-16,1.0891
21-Jan-16,1.0874
22-Jan-16,1.0797
25-Jan-16,1.0849
26-Jan-16,1.0871
27-Jan-16,1.0893
28-Jan-16,1.0939
29-Jan-16,1.0837
1-Feb-16,1.0888
2-Feb-16,1.0919
3-Feb-16,1.1104
4-Feb-16,1.1208
5-Feb-16,1.1159
8-Feb-16,1.1198
9-Feb-16,1.1293
10-Feb-16,1.129
11-Feb-16,1.1324
12-Feb-16,1.126
15-Feb-16,1.1155
16-Feb-16,1.1144
17-Feb-16,1.1128
18-Feb-16,1.1107
19-Feb-16,1.1134
22-Feb-16,1.1029
23-Feb-16,1.102
24-Feb-16,1.1013
25-Feb-16,1.1023
26-Feb-16,1.0934
29-Feb-16,1.0873
1-Mar-16,1.0867
2-Mar-16,1.0868
3-Mar-16,1.0957
4-Mar-16,1.1004
7-Mar-16,1.1014
8-Mar-16,1.1011
9-Mar-16,1.0999
10-Mar-16,1.1177
11-Mar-16,1.1153
14-Mar-16,1.1106
15-Mar-16,1.1109
16-Mar-16,1.1225
17-Mar-16,1.1319
18-Mar-16,1.127
21-Mar-16,1.1241
22-Mar-16,1.1217
23-Mar-16,1.1184
24-Mar-16,1.1174
25-Mar-16,1.1166
28-Mar-16,1.1196
29-Mar-16,1.1291
30-Mar-16,1.1338
31-Mar-16,1.138
1-Apr-16,1.1387
4-Apr-16,1.1392
5-Apr-16,1.1384
6-Apr-16,1.1399
7-Apr-16,1.1377
8-Apr-16,1.1401
11-Apr-16,1.1408
12-Apr-16,1.1386
13-Apr-16,1.1274
14-Apr-16,1.1268
15-Apr-16,1.1283
18-Apr-16,1.1314
19-Apr-16,1.1358
20-Apr-16,1.1297
21-Apr-16,1.1288
22-Apr-16,1.1234
25-Apr-16,1.1266
26-Apr-16,1.1299
27-Apr-16,1.1321
28-Apr-16,1.1353
29-Apr-16,1.1456
2-May-16,1.1532
3-May-16,1.1497
4-May-16,1.1487
5-May-16,1.1405
6-May-16,1.1405
9-May-16,1.1383
10-May-16,1.1372
11-May-16,1.1427
12-May-16,1.1377
13-May-16,1.1308
16-May-16,1.132
17-May-16,1.1314
18-May-16,1.1217
19-May-16,1.1203
20-May-16,1.1224
23-May-16,1.1219
24-May-16,1.1141
25-May-16,1.1155
26-May-16,1.1194
27-May-16,1.1115
30-May-16,1.1146
31-May-16,1.1132
1-Jun-16,1.1188
2-Jun-16,1.1151
3-Jun-16,1.1367
6-Jun-16,1.1355
7-Jun-16,1.1358
8-Jun-16,1.1394
9-Jun-16,1.1316
10-Jun-16,1.1251
13-Jun-16,1.1292
14-Jun-16,1.1208
15-Jun-16,1.1259
16-Jun-16,1.1226
17-Jun-16,1.1277
20-Jun-16,1.1314
21-Jun-16,1.1242
22-Jun-16,1.1297
23-Jun-16,1.1388
24-Jun-16,1.1117
27-Jun-16,1.1026
28-Jun-16,1.1066
29-Jun-16,1.1125
30-Jun-16,1.1105
1-Jul-16,1.1136
4-Jul-16,1.1156
5-Jul-16,1.1076
6-Jul-16,1.1099
7-Jul-16,1.1063
8-Jul-16,1.1055
11-Jul-16,1.1058
12-Jul-16,1.1059
13-Jul-16,1.109
14-Jul-16,1.112
15-Jul-16,1.1036
18-Jul-16,1.1074
19-Jul-16,1.1022
20-Jul-16,1.1015
21-Jul-16,1.1025
22-Jul-16,1.0976
25-Jul-16,1.0994
26-Jul-16,1.0987
27-Jul-16,1.1058
28-Jul-16,1.1076
29-Jul-16,1.1174
1-Aug-16,1.1162
2-Aug-16,1.1227
3-Aug-16,1.1149
4-Aug-16,1.113
5-Aug-16,1.1085
8-Aug-16,1.1093
9-Aug-16,1.1119
10-Aug-16,1.1177
11-Aug-16,1.1137
12-Aug-16,1.1161
15-Aug-16,1.1184
16-Aug-16,1.1278
17-Aug-16,1.1288
18-Aug-16,1.1354
19-Aug-16,1.1326
22-Aug-16,1.1319
23-Aug-16,1.1306
24-Aug-16,1.1263
25-Aug-16,1.1283
26-Aug-16,1.1198
29-Aug-16,1.1189
30-Aug-16,1.1143
31-Aug-16,1.1158
1-Sep-16,1.1198
2-Sep-16,1.1156
5-Sep-16,1.1147
6-Sep-16,1.1256
7-Sep-16,1.1239
8-Sep-16,1.1261
9-Sep-16,1.1233
12-Sep-16,1.1234
13-Sep-16,1.122
14-Sep-16,1.125
15-Sep-16,1.1244
16-Sep-16,1.1155
19-Sep-16,1.1174
20-Sep-16,1.1155
21-Sep-16,1.1189
22-Sep-16,1.1207
23-Sep-16,1.1226
26-Sep-16,1.1254
27-Sep-16,1.1215
28-Sep-16,1.1216
29-Sep-16,1.1223
30-Sep-16,1.1241
3-Oct-16,1.1211
4-Oct-16,1.1204
5-Oct-16,1.1205
6-Oct-16,1.1151
7-Oct-16,1.1201
10-Oct-16,1.1138
11-Oct-16,1.1054
12-Oct-16,1.1008
13-Oct-16,1.1057
14-Oct-16,1.0971
17-Oct-16,1.0999
18-Oct-16,1.098
19-Oct-16,1.0974
20-Oct-16,1.093
21-Oct-16,1.0884
24-Oct-16,1.0883
25-Oct-16,1.0888
26-Oct-16,1.0909
27-Oct-16,1.0897
28-Oct-16,1.0987
31-Oct-16,1.0981
1-Nov-16,1.1056
2-Nov-16,1.1097
3-Nov-16,1.1105
4-Nov-16,1.1138
7-Nov-16,1.104
8-Nov-16,1.1026
9-Nov-16,1.091
10-Nov-16,1.0893
11-Nov-16,1.0856
14-Nov-16,1.0737
15-Nov-16,1.0721
16-Nov-16,1.069
17-Nov-16,1.0626
18-Nov-16,1.0588
21-Nov-16,1.063
22-Nov-16,1.0626
23-Nov-16,1.0559
24-Nov-16,1.0554
25-Nov-16,1.0587
28-Nov-16,1.0615
29-Nov-16,1.065
30-Nov-16,1.0588
1-Dec-16,1.0662
2-Dec-16,1.0673
5-Dec-16,1.0764
6-Dec-16,1.0719
7-Dec-16,1.0753
8-Dec-16,1.0615
9-Dec-16,1.0562
12-Dec-16,1.0635
13-Dec-16,1.0627
14-Dec-16,1.0536
15-Dec-16,1.0414
16-Dec-16,1.0451
19-Dec-16,1.0402
20-Dec-16,1.0387
21-Dec-16,1.0425
22-Dec-16,1.0437
23-Dec-16,1.0456
26-Dec-16,1.0456
27-Dec-16,1.0457
28-Dec-16,1.0412
29-Dec-16,1.0492
30-Dec-16,1.0516
2-Jan-17,1.0459
3-Jan-17,1.0406
4-Jan-17,1.0488
5-Jan-17,1.0607
6-Jan-17,1.0533
9-Jan-17,1.0574
10-Jan-17,1.0554
11-Jan-17,1.0582
12-Jan-17,1.0613
13-Jan-17,1.0644
16-Jan-17,1.0603
17-Jan-17,1.0714
18-Jan-17,1.0631
19-Jan-17,1.0664
20-Jan-17,1.0703
23-Jan-17,1.0765
24-Jan-17,1.0731
25-Jan-17,1.0748
26-Jan-17,1.0682
27-Jan-17,1.0699
30-Jan-17,1.0695
31-Jan-17,1.0798
1-Feb-17,1.0769
2-Feb-17,1.0758
3-Feb-17,1.0784
6-Feb-17,1.075
7-Feb-17,1.0681
8-Feb-17,1.0698
9-Feb-17,1.0656
10-Feb-17,1.0641
13-Feb-17,1.0598
14-Feb-17,1.0577
15-Feb-17,1.0601
16-Feb-17,1.0674
17-Feb-17,1.0614
20-Feb-17,1.0614
21-Feb-17,1.0537
22-Feb-17,1.0556
23-Feb-17,1.0581
24-Feb-17,1.0563
27-Feb-17,1.0588
28-Feb-17,1.0577
1-Mar-17,1.0548
2-Mar-17,1.0507
3-Mar-17,1.0623
6-Mar-17,1.0581
7-Mar-17,1.0566
8-Mar-17,1.0541
9-Mar-17,1.0577
10-Mar-17,1.0672
13-Mar-17,1.0654
14-Mar-17,1.0604
15-Mar-17,1.0735
16-Mar-17,1.0766
17-Mar-17,1.0738
20-Mar-17,1.0739
21-Mar-17,1.0811
22-Mar-17,1.0797
23-Mar-17,1.0783
24-Mar-17,1.0799
27-Mar-17,1.0865
28-Mar-17,1.0813
29-Mar-17,1.0767
30-Mar-17,1.0675
31-Mar-17,1.0652
3-Apr-17,1.0671
4-Apr-17,1.0674
5-Apr-17,1.0663
6-Apr-17,1.0644
7-Apr-17,1.059
10-Apr-17,1.0596
11-Apr-17,1.0602
12-Apr-17,1.0666
13-Apr-17,1.0614
14-Apr-17,1.0612
17-Apr-17,1.0643
18-Apr-17,1.0734
19-Apr-17,1.0711
20-Apr-17,1.0717
21-Apr-17,1.0728
24-Apr-17,1.0868
25-Apr-17,1.0926
26-Apr-17,1.0903
27-Apr-17,1.0873
28-Apr-17,1.0897
1-May-17,1.0899
2-May-17,1.093
3-May-17,1.0885
4-May-17,1.0984
5-May-17,1.0998
8-May-17,1.0924
9-May-17,1.0874
10-May-17,1.0868
11-May-17,1.0861
12-May-17,1.0931
15-May-17,1.0975
16-May-17,1.1082
17-May-17,1.1159
18-May-17,1.1103
19-May-17,1.1207
22-May-17,1.1238
23-May-17,1.1183
24-May-17,1.1219
25-May-17,1.1211
26-May-17,1.1183
29-May-17,1.1165
30-May-17,1.1185
31-May-17,1.1243
1-Jun-17,1.1213
2-Jun-17,1.1282
5-Jun-17,1.1255
6-Jun-17,1.1278
7-Jun-17,1.1257
8-Jun-17,1.1214
9-Jun-17,1.1196
12-Jun-17,1.1203
13-Jun-17,1.1216
14-Jun-17,1.1218
15-Jun-17,1.1145
16-Jun-17,1.1198
19-Jun-17,1.1148
20-Jun-17,1.1135
21-Jun-17,1.1168
22-Jun-17,1.1153
23-Jun-17,1.1194
26-Jun-17,1.1182
27-Jun-17,1.1339
28-Jun-17,1.1378
29-Jun-17,1.1441
30-Jun-17,1.1426
3-Jul-17,1.1364
4-Jul-17,1.1345
5-Jul-17,1.1353
6-Jul-17,1.1423
7-Jul-17,1.1401
10-Jul-17,1.14
11-Jul-17,1.1467
12-Jul-17,1.1412
13-Jul-17,1.1399
14-Jul-17,1.1469
17-Jul-17,1.1479
18-Jul-17,1.1555
19-Jul-17,1.1516
20-Jul-17,1.1631
21-Jul-17,1.1663
24-Jul-17,1.1642
25-Jul-17,1.1652
26-Jul-17,1.1734
27-Jul-17,1.1677
28-Jul-17,1.1752
31-Jul-17,1.1842
1-Aug-17,1.1802
2-Aug-17,1.1856
3-Aug-17,1.187
4-Aug-17,1.1772
7-Aug-17,1.1796
8-Aug-17,1.175
9-Aug-17,1.1759
10-Aug-17,1.1772
11-Aug-17,1.1821
14-Aug-17,1.178
15-Aug-17,1.1735
16-Aug-17,1.177
17-Aug-17,1.1724
18-Aug-17,1.1762
21-Aug-17,1.1816
22-Aug-17,1.1762
23-Aug-17,1.1807
24-Aug-17,1.1799
25-Aug-17,1.1926
28-Aug-17,1.1979
29-Aug-17,1.1972
30-Aug-17,1.1883
31-Aug-17,1.191
1-Sep-17,1.1859
4-Sep-17,1.1896
5-Sep-17,1.1914
6-Sep-17,1.1917
7-Sep-17,1.2023
8-Sep-17,1.2035
11-Sep-17,1.1953
12-Sep-17,1.1967
13-Sep-17,1.1886
14-Sep-17,1.1919
15-Sep-17,1.1943
18-Sep-17,1.1954
19-Sep-17,1.1994
20-Sep-17,1.1893
21-Sep-17,1.1941
22-Sep-17,1.1954
25-Sep-17,1.1848
26-Sep-17,1.1793
27-Sep-17,1.1744
28-Sep-17,1.1786
29-Sep-17,1.1814
2-Oct-17,1.1732
3-Oct-17,1.1744
4-Oct-17,1.176
5-Oct-17,1.1711
6-Oct-17,1.1734
9-Oct-17,1.1741
10-Oct-17,1.1806
11-Oct-17,1.1859
12-Oct-17,1.183
13-Oct-17,1.1823
16-Oct-17,1.1797
17-Oct-17,1.1766
18-Oct-17,1.1787
19-Oct-17,1.1852
20-Oct-17,1.1785
23-Oct-17,1.1749
24-Oct-17,1.1761
25-Oct-17,1.1813
26-Oct-17,1.165
27-Oct-17,1.161
30-Oct-17,1.1651
31-Oct-17,1.1646
1-Nov-17,1.1619
2-Nov-17,1.1658
3-Nov-17,1.1609
6-Nov-17,1.161
7-Nov-17,1.1586
8-Nov-17,1.1595
9-Nov-17,1.1642
10-Nov-17,1.1665
13-Nov-17,1.1667
14-Nov-17,1.1798
15-Nov-17,1.1792
16-Nov-17,1.177
17-Nov-17,1.1795
20-Nov-17,1.1732
21-Nov-17,1.1738
22-Nov-17,1.1822
23-Nov-17,1.1851
24-Nov-17,1.193
27-Nov-17,1.1898
28-Nov-17,1.1841
29-Nov-17,1.1847
30-Nov-17,1.1904
1-Dec-17,1.1891
4-Dec-17,1.1866
5-Dec-17,1.1826
6-Dec-17,1.1796
7-Dec-17,1.1773
8-Dec-17,1.1764
11-Dec-17,1.1768
12-Dec-17,1.1742
13-Dec-17,1.1826
14-Dec-17,1.1778
15-Dec-17,1.1754
18-Dec-17,1.1782
19-Dec-17,1.184
20-Dec-17,1.1871
21-Dec-17,1.1873
22-Dec-17,1.1859
25-Dec-17,1.1869
26-Dec-17,1.1859
27-Dec-17,1.1888
28-Dec-17,1.1943
29-Dec-17,1.1998
1-Jan-18,1.201
2-Jan-18,1.2059
3-Jan-18,1.2014
4-Jan-18,1.2068
5-Jan-18,1.203
8-Jan-18,1.1967
9-Jan-18,1.1937
10-Jan-18,1.1947
11-Jan-18,1.2032
12-Jan-18,1.2187
15-Jan-18,1.2263
16-Jan-18,1.2261
17-Jan-18,1.2186
18-Jan-18,1.2239
19-Jan-18,1.2222
22-Jan-18,1.2262
23-Jan-18,1.2299
24-Jan-18,1.2408
25-Jan-18,1.2396
26-Jan-18,1.2421
29-Jan-18,1.2383
30-Jan-18,1.2402
31-Jan-18,1.2421
1-Feb-18,1.251
2-Feb-18,1.2462
5-Feb-18,1.2368
6-Feb-18,1.2377
7-Feb-18,1.2264
8-Feb-18,1.2247
9-Feb-18,1.2235
12-Feb-18,1.2292
13-Feb-18,1.2352
14-Feb-18,1.245
15-Feb-18,1.2506
16-Feb-18,1.2406
19-Feb-18,1.2408
20-Feb-18,1.2338
21-Feb-18,1.2284
22-Feb-18,1.2331
23-Feb-18,1.2293
26-Feb-18,1.2318
27-Feb-18,1.2232
28-Feb-18,1.2194
1-Mar-18,1.2268
2-Mar-18,1.2317
5-Mar-18,1.2336
6-Mar-18,1.2404
7-Mar-18,1.2413
8-Mar-18,1.2312
9-Mar-18,1.2307
12-Mar-18,1.2334
13-Mar-18,1.239
14-Mar-18,1.2367
15-Mar-18,1.2305
16-Mar-18,1.2289
19-Mar-18,1.2335
20-Mar-18,1.2242
21-Mar-18,1.2338
22-Mar-18,1.2302
23-Mar-18,1.2353
26-Mar-18,1.2443
27-Mar-18,1.2403
28-Mar-18,1.2308
29-Mar-18,1.2302
30-Mar-18,1.2323
2-Apr-18,1.2302
3-Apr-18,1.227
4-Apr-18,1.2278
5-Apr-18,1.224
6-Apr-18,1.2283
9-Apr-18,1.2321
10-Apr-18,1.2356
11-Apr-18,1.2367
12-Apr-18,1.2327
13-Apr-18,1.2331
16-Apr-18,1.238
17-Apr-18,1.237
18-Apr-18,1.2373
19-Apr-18,1.2346
20-Apr-18,1.2288
23-Apr-18,1.2209
24-Apr-18,1.2232
25-Apr-18,1.2161
26-Apr-18,1.2103
27-Apr-18,1.213
30-Apr-18,1.2079
1-May-18,1.1993
2-May-18,1.1951
3-May-18,1.1988
4-May-18,1.196
7-May-18,1.1922
8-May-18,1.1864
9-May-18,1.185
10-May-18,1.1915
11-May-18,1.1944
14-May-18,1.1927
15-May-18,1.1838
16-May-18,1.1807
17-May-18,1.1795
18-May-18,1.1778
21-May-18,1.1791
22-May-18,1.1779
23-May-18,1.1697
24-May-18,1.172
25-May-18,1.1652
28-May-18,1.1623
29-May-18,1.154
30-May-18,1.1663
31-May-18,1.1692
1-Jun-18,1.1661
4-Jun-18,1.1699
5-Jun-18,1.1718
6-Jun-18,1.1773
7-Jun-18,1.1799
8-Jun-18,1.1768
11-Jun-18,1.1784
12-Jun-18,1.1745
13-Jun-18,1.1791
14-Jun-18,1.1569
15-Jun-18,1.1609
18-Jun-18,1.1623
19-Jun-18,1.159
20-Jun-18,1.1572
21-Jun-18,1.1603
22-Jun-18,1.1657
25-Jun-18,1.1704
26-Jun-18,1.1647
27-Jun-18,1.1554
28-Jun-18,1.1569
29-Jun-18,1.1685
2-Jul-18,1.1641
3-Jul-18,1.1657
4-Jul-18,1.1656
5-Jul-18,1.1691
6-Jul-18,1.1747
9-Jul-18,1.1751
10-Jul-18,1.1744
11-Jul-18,1.1674
12-Jul-18,1.1672
13-Jul-18,1.1685
16-Jul-18,1.171
17-Jul-18,1.1661
18-Jul-18,1.1639
19-Jul-18,1.1643
20-Jul-18,1.172
23-Jul-18,1.1692
24-Jul-18,1.1686
25-Jul-18,1.1728
26-Jul-18,1.1643
27-Jul-18,1.1658
30-Jul-18,1.1706
31-Jul-18,1.1691
1-Aug-18,1.166
2-Aug-18,1.1584
3-Aug-18,1.1567
6-Aug-18,1.1554
7-Aug-18,1.1599
8-Aug-18,1.1611
9-Aug-18,1.1527
10-Aug-18,1.1411
13-Aug-18,1.1409
14-Aug-18,1.1344
15-Aug-18,1.1345
16-Aug-18,1.1377
17-Aug-18,1.1439
20-Aug-18,1.1481
21-Aug-18,1.1571
22-Aug-18,1.1597
23-Aug-18,1.1539
24-Aug-18,1.1623
27-Aug-18,1.1678
28-Aug-18,1.1695
29-Aug-18,1.1708
30-Aug-18,1.1671
31-Aug-18,1.1601
3-Sep-18,1.1624
4-Sep-18,1.1582
5-Sep-18,1.1629
6-Sep-18,1.1622
7-Sep-18,1.1553
10-Sep-18,1.1594
11-Sep-18,1.1607
12-Sep-18,1.1626
13-Sep-18,1.169
14-Sep-18,1.163
17-Sep-18,1.1683
18-Sep-18,1.1667
19-Sep-18,1.1673
20-Sep-18,1.1777
21-Sep-18,1.175
24-Sep-18,1.1748
25-Sep-18,1.1772
26-Sep-18,1.174
27-Sep-18,1.1641
28-Sep-18,1.1609
1-Oct-18,1.1578
2-Oct-18,1.1548
3-Oct-18,1.1478
4-Oct-18,1.1515
5-Oct-18,1.1524
8-Oct-18,1.1492
9-Oct-18,1.149
10-Oct-18,1.152
11-Oct-18,1.1594
12-Oct-18,1.1563
15-Oct-18,1.1579
16-Oct-18,1.1575
17-Oct-18,1.1501
18-Oct-18,1.1453
19-Oct-18,1.1515
22-Oct-18,1.1465
23-Oct-18,1.1471
24-Oct-18,1.1392
25-Oct-18,1.1376
26-Oct-18,1.1403
29-Oct-18,1.1373
30-Oct-18,1.1344
31-Oct-18,1.1312
1-Nov-18,1.1409
2-Nov-18,1.1387
5-Nov-18,1.1407
6-Nov-18,1.1427
7-Nov-18,1.1426
8-Nov-18,1.1363
9-Nov-18,1.1336
12-Nov-18,1.1218
13-Nov-18,1.1291
14-Nov-18,1.131
15-Nov-18,1.1328
16-Nov-18,1.142
19-Nov-18,1.1453
20-Nov-18,1.1371
21-Nov-18,1.1385
22-Nov-18,1.1408
23-Nov-18,1.1341
26-Nov-18,1.1328
27-Nov-18,1.1288
28-Nov-18,1.1366
29-Nov-18,1.1393
30-Nov-18,1.1317
3-Dec-18,1.1354
4-Dec-18,1.1345
5-Dec-18,1.1344
6-Dec-18,1.1376
7-Dec-18,1.1378
10-Dec-18,1.1356
11-Dec-18,1.1316
12-Dec-18,1.1368
13-Dec-18,1.1363
14-Dec-18,1.1309
17-Dec-18,1.1347
18-Dec-18,1.1361
19-Dec-18,1.1377
20-Dec-18,1.1446
21-Dec-18,1.1369
24-Dec-18,1.14
25-Dec-18,1.1362
26-Dec-18,1.1353
27-Dec-18,1.143
28-Dec-18,1.1438
31-Dec-18,1.147
