Date,GDAXI.Close
1/2/2009,4973.069824
1/5/2009,4983.990234
1/6/2009,5026.310059
1/7/2009,4937.470215
1/8/2009,4879.910156
1/9/2009,4783.890137
1/12/2009,4719.620117
1/13/2009,4636.939941
1/14/2009,4422.350098
1/15/2009,4336.72998
1/16/2009,4366.279785
1/19/2009,4316.140137
1/20/2009,4239.850098
1/21/2009,4261.149902
1/22/2009,4219.419922
1/23/2009,4178.939941
1/26/2009,4326.870117
1/27/2009,4323.419922
1/28/2009,4518.720215
1/29/2009,4428.109863
1/30/2009,4338.350098
2/2/2009,4271.040039
2/3/2009,4374.959961
2/4/2009,4492.790039
2/5/2009,4510.490234
2/6/2009,4644.629883
2/9/2009,4666.819824
2/10/2009,4505.540039
2/11/2009,4530.089844
2/12/2009,4407.560059
2/13/2009,4413.390137
2/16/2009,4366.640137
2/17/2009,4216.600098
2/18/2009,4204.959961
2/19/2009,4215.209961
2/20/2009,4014.659912
2/23/2009,3936.449951
2/24/2009,3895.75
2/25/2009,3846.209961
2/26/2009,3942.620117
2/27/2009,3843.73999
3/2/2009,3710.070068
3/3/2009,3690.719971
3/4/2009,3890.939941
3/5/2009,3695.48999
3/6/2009,3666.409912
3/9/2009,3692.030029
3/10/2009,3886.97998
3/11/2009,3914.100098
3/12/2009,3956.219971
3/13/2009,3953.600098
3/16/2009,4044.540039
3/17/2009,3987.77002
3/18/2009,3996.320068
3/19/2009,4043.459961
3/20/2009,4068.73999
3/23/2009,4176.370117
3/24/2009,4187.359863
3/25/2009,4223.290039
3/26/2009,4259.370117
3/27/2009,4203.549805
3/30/2009,3989.22998
3/31/2009,4084.76001
4/1/2009,4131.069824
4/2/2009,4381.919922
4/3/2009,4384.990234
4/6/2009,4349.810059
4/7/2009,4322.5
4/8/2009,4357.919922
4/9/2009,4491.120117
4/14/2009,4557.009766
4/15/2009,4549.790039
4/16/2009,4609.459961
4/17/2009,4676.839844
4/20/2009,4486.299805
4/21/2009,4501.629883
4/22/2009,4594.419922
4/23/2009,4538.209961
4/24/2009,4674.319824
4/27/2009,4694.069824
4/28/2009,4607.419922
4/29/2009,4704.560059
4/30/2009,4769.450195
5/4/2009,4902.450195
5/5/2009,4853.029785
5/6/2009,4880.709961
5/7/2009,4804.100098
5/8/2009,4913.899902
5/11/2009,4866.910156
5/12/2009,4854.109863
5/13/2009,4727.609863
5/14/2009,4738.470215
5/15/2009,4737.5
5/18/2009,4851.959961
5/19/2009,4959.620117
5/20/2009,5038.939941
5/21/2009,4900.669922
5/22/2009,4918.75
5/25/2009,4918.450195
5/26/2009,4985.600098
5/27/2009,5000.77002
5/28/2009,4932.879883
5/29/2009,4940.819824
6/1/2009,5142.560059
6/2/2009,5144.060059
6/3/2009,5054.529785
6/4/2009,5064.799805
6/5/2009,5077.029785
6/8/2009,5004.720215
6/9/2009,4997.859863
6/10/2009,5051.180176
6/11/2009,5107.259766
6/12/2009,5069.240234
6/15/2009,4889.939941
6/16/2009,4890.720215
6/17/2009,4799.97998
6/18/2009,4837.47998
6/19/2009,4839.459961
6/22/2009,4693.399902
6/23/2009,4707.149902
6/24/2009,4836.009766
6/25/2009,4800.560059
6/26/2009,4776.470215
6/29/2009,4885.089844
6/30/2009,4808.640137
7/1/2009,4905.439941
7/2/2009,4718.490234
7/3/2009,4708.209961
7/6/2009,4651.819824
7/7/2009,4598.189941
7/8/2009,4572.649902
7/9/2009,4630.069824
7/10/2009,4576.310059
7/13/2009,4722.339844
7/14/2009,4781.689941
7/15/2009,4928.439941
7/16/2009,4957.189941
7/17/2009,4978.399902
7/20/2009,5030.149902
7/21/2009,5093.970215
7/22/2009,5121.560059
7/23/2009,5247.279785
7/24/2009,5229.359863
7/27/2009,5251.549805
7/28/2009,5174.740234
7/29/2009,5270.319824
7/30/2009,5360.660156
7/31/2009,5332.140137
8/3/2009,5426.850098
8/4/2009,5417.02002
8/5/2009,5353.009766
8/6/2009,5369.97998
8/7/2009,5458.959961
8/10/2009,5418.120117
8/11/2009,5285.810059
8/12/2009,5350.089844
8/13/2009,5401.109863
8/14/2009,5309.109863
8/17/2009,5201.609863
8/18/2009,5250.740234
8/19/2009,5231.97998
8/20/2009,5311.060059
8/21/2009,5462.740234
8/24/2009,5519.75
8/25/2009,5557.089844
8/26/2009,5521.970215
8/27/2009,5470.330078
8/28/2009,5517.350098
8/31/2009,5464.609863
9/1/2009,5327.290039
9/2/2009,5319.839844
9/3/2009,5301.419922
9/4/2009,5384.430176
9/7/2009,5463.509766
9/8/2009,5481.72998
9/9/2009,5574.259766
9/10/2009,5594.77002
9/11/2009,5624.02002
9/14/2009,5620.240234
9/15/2009,5628.97998
9/16/2009,5700.259766
9/17/2009,5731.140137
9/18/2009,5703.830078
9/21/2009,5668.649902
9/22/2009,5709.379883
9/23/2009,5702.049805
9/24/2009,5605.209961
9/25/2009,5581.410156
9/28/2009,5736.310059
9/29/2009,5713.52002
9/30/2009,5675.160156
10/1/2009,5554.549805
10/2/2009,5467.899902
10/5/2009,5508.850098
10/6/2009,5657.640137
10/7/2009,5640.75
10/8/2009,5716.540039
10/9/2009,5711.879883
10/12/2009,5783.22998
10/13/2009,5714.310059
10/14/2009,5854.140137
10/15/2009,5830.77002
10/16/2009,5743.390137
10/19/2009,5852.560059
10/20/2009,5811.77002
10/21/2009,5833.490234
10/22/2009,5762.930176
10/23/2009,5740.25
10/26/2009,5642.160156
10/27/2009,5635.02002
10/28/2009,5496.27002
10/29/2009,5587.450195
10/30/2009,5414.959961
11/2/2009,5430.819824
11/3/2009,5353.350098
11/4/2009,5444.22998
11/5/2009,5480.919922
11/6/2009,5488.25
11/9/2009,5619.720215
11/10/2009,5613.200195
11/11/2009,5668.350098
11/12/2009,5663.959961
11/13/2009,5686.830078
11/16/2009,5804.819824
11/17/2009,5778.430176
11/18/2009,5787.609863
11/19/2009,5702.180176
11/20/2009,5663.149902
11/23/2009,5801.47998
11/24/2009,5769.310059
11/25/2009,5803.02002
11/26/2009,5614.169922
11/27/2009,5685.609863
11/30/2009,5625.950195
12/1/2009,5776.609863
12/2/2009,5781.680176
12/3/2009,5770.350098
12/4/2009,5817.649902
12/7/2009,5784.75
12/8/2009,5688.580078
12/9/2009,5647.839844
12/10/2009,5709.02002
12/11/2009,5756.290039
12/14/2009,5802.259766
12/15/2009,5811.339844
12/16/2009,5903.430176
12/17/2009,5844.439941
12/18/2009,5831.209961
12/21/2009,5930.529785
12/22/2009,5945.689941
12/23/2009,5957.439941
12/28/2009,6002.919922
12/29/2009,6011.549805
12/30/2009,5957.430176
1/4/2010,6048.299805
1/5/2010,6031.859863
1/6/2010,6034.330078
1/7/2010,6019.359863
1/8/2010,6037.609863
1/11/2010,6040.5
1/12/2010,5943
1/13/2010,5963.140137
1/14/2010,5988.879883
1/15/2010,5875.970215
1/18/2010,5918.549805
1/19/2010,5976.47998
1/20/2010,5851.529785
1/21/2010,5746.970215
1/22/2010,5695.319824
1/25/2010,5631.370117
1/26/2010,5668.930176
1/27/2010,5643.200195
1/28/2010,5540.330078
1/29/2010,5608.790039
2/1/2010,5654.47998
2/2/2010,5709.660156
2/3/2010,5672.089844
2/4/2010,5533.240234
2/5/2010,5434.339844
2/8/2010,5484.850098
2/9/2010,5498.259766
2/10/2010,5536.370117
2/11/2010,5503.930176
2/12/2010,5500.390137
2/15/2010,5511.100098
2/16/2010,5592.120117
2/17/2010,5648.339844
2/18/2010,5680.410156
2/19/2010,5722.049805
2/22/2010,5688.439941
2/23/2010,5604.069824
2/24/2010,5615.509766
2/25/2010,5532.330078
2/26/2010,5598.459961
3/1/2010,5713.509766
3/2/2010,5776.560059
3/3/2010,5817.879883
3/4/2010,5795.319824
3/5/2010,5877.359863
3/8/2010,5875.910156
3/9/2010,5885.890137
3/10/2010,5936.720215
3/11/2010,5928.629883
3/12/2010,5945.109863
3/15/2010,5903.560059
3/16/2010,5970.990234
3/17/2010,6024.279785
3/18/2010,6012.310059
3/19/2010,5982.430176
3/22/2010,5987.5
3/23/2010,6017.27002
3/24/2010,6039
3/25/2010,6132.950195
3/26/2010,6120.049805
3/29/2010,6156.850098
3/30/2010,6142.450195
3/31/2010,6153.549805
4/1/2010,6235.560059
4/6/2010,6252.209961
4/7/2010,6222.410156
4/8/2010,6171.830078
4/9/2010,6249.700195
4/12/2010,6250.689941
4/13/2010,6230.830078
4/14/2010,6278.399902
4/15/2010,6291.450195
4/16/2010,6180.899902
4/19/2010,6162.439941
4/20/2010,6264.22998
4/21/2010,6230.379883
4/22/2010,6168.720215
4/23/2010,6259.529785
4/26/2010,6332.100098
4/27/2010,6159.509766
4/28/2010,6084.339844
4/29/2010,6144.910156
4/30/2010,6135.700195
5/3/2010,6166.919922
5/4/2010,6006.859863
5/5/2010,5958.450195
5/6/2010,5908.259766
5/7/2010,5715.089844
5/10/2010,6017.910156
5/11/2010,6037.709961
5/12/2010,6183.490234
5/13/2010,6251.970215
5/14/2010,6056.709961
5/17/2010,6066.919922
5/18/2010,6155.930176
5/19/2010,5988.669922
5/20/2010,5867.879883
5/21/2010,5829.25
5/24/2010,5805.680176
5/25/2010,5670.040039
5/26/2010,5758.02002
5/27/2010,5937.140137
5/28/2010,5946.180176
5/31/2010,5964.330078
6/1/2010,5981.27002
6/2/2010,5981.200195
6/3/2010,6054.629883
6/4/2010,5938.879883
6/7/2010,5904.950195
6/8/2010,5868.549805
6/9/2010,5984.75
6/10/2010,6056.589844
6/11/2010,6047.830078
6/14/2010,6125
6/15/2010,6175.049805
6/16/2010,6190.910156
6/17/2010,6223.540039
6/18/2010,6216.97998
6/21/2010,6292.970215
6/22/2010,6269.040039
6/23/2010,6204.52002
6/24/2010,6115.47998
6/25/2010,6070.600098
6/28/2010,6157.220215
6/29/2010,5952.029785
6/30/2010,5965.52002
7/1/2010,5857.430176
7/2/2010,5834.149902
7/5/2010,5816.200195
7/6/2010,5940.97998
7/7/2010,5992.859863
7/8/2010,6035.660156
7/9/2010,6065.240234
7/12/2010,6077.189941
7/13/2010,6191.129883
7/14/2010,6209.759766
7/15/2010,6149.359863
7/16/2010,6040.27002
7/19/2010,6009.109863
7/20/2010,5967.490234
7/21/2010,5990.379883
7/22/2010,6142.149902
7/23/2010,6166.339844
7/26/2010,6194.209961
7/27/2010,6207.310059
7/28/2010,6178.939941
7/29/2010,6134.700195
7/30/2010,6147.970215
8/2/2010,6292.129883
8/3/2010,6307.910156
8/4/2010,6331.330078
8/5/2010,6333.580078
8/6/2010,6259.629883
8/9/2010,6351.600098
8/10/2010,6286.25
8/11/2010,6154.069824
8/12/2010,6135.169922
8/13/2010,6110.410156
8/16/2010,6110.569824
8/17/2010,6206.399902
8/18/2010,6186.310059
8/19/2010,6075.129883
8/20/2010,6005.160156
8/23/2010,6010.910156
8/24/2010,5935.439941
8/25/2010,5899.5
8/26/2010,5912.580078
8/27/2010,5951.169922
8/30/2010,5912.410156
8/31/2010,5925.220215
9/1/2010,6083.899902
9/2/2010,6083.850098
9/3/2010,6134.620117
9/6/2010,6155.040039
9/7/2010,6117.890137
9/8/2010,6164.439941
9/9/2010,6221.52002
9/10/2010,6214.77002
9/13/2010,6261.680176
9/14/2010,6275.410156
9/15/2010,6261.870117
9/16/2010,6249.649902
9/17/2010,6209.759766
9/20/2010,6294.580078
9/21/2010,6275.97998
9/22/2010,6208.330078
9/23/2010,6184.709961
9/24/2010,6298.299805
9/27/2010,6278.890137
9/28/2010,6276.089844
9/29/2010,6246.919922
9/30/2010,6229.02002
10/1/2010,6211.339844
10/4/2010,6134.209961
10/5/2010,6215.830078
10/6/2010,6270.72998
10/7/2010,6276.25
10/8/2010,6291.669922
10/11/2010,6309.509766
10/12/2010,6304.569824
10/13/2010,6434.52002
10/14/2010,6455.27002
10/15/2010,6492.299805
10/18/2010,6516.629883
10/19/2010,6490.689941
10/20/2010,6524.549805
10/21/2010,6611.009766
10/22/2010,6605.839844
10/25/2010,6639.209961
10/26/2010,6613.799805
10/27/2010,6568
10/28/2010,6595.279785
10/29/2010,6601.370117
11/1/2010,6604.859863
11/2/2010,6654.310059
11/3/2010,6617.799805
11/4/2010,6734.689941
11/5/2010,6754.200195
11/8/2010,6750.5
11/9/2010,6787.810059
11/10/2010,6719.839844
11/11/2010,6723.410156
11/12/2010,6734.609863
11/15/2010,6790.169922
11/16/2010,6663.240234
11/17/2010,6700.069824
11/18/2010,6832.109863
11/19/2010,6843.549805
11/22/2010,6822.049805
11/23/2010,6705
11/24/2010,6823.799805
11/25/2010,6879.660156
11/26/2010,6848.97998
11/29/2010,6697.970215
11/30/2010,6688.490234
12/1/2010,6866.629883
12/2/2010,6957.609863
12/3/2010,6947.720215
12/6/2010,6954.379883
12/7/2010,7001.910156
12/8/2010,6975.870117
12/9/2010,6964.160156
12/10/2010,7006.169922
12/13/2010,7029.390137
12/14/2010,7027.399902
12/15/2010,7016.370117
12/16/2010,7024.399902
12/17/2010,6982.450195
12/20/2010,7018.600098
12/21/2010,7077.990234
12/22/2010,7067.919922
12/23/2010,7057.689941
12/27/2010,6970.72998
12/28/2010,6972.100098
12/29/2010,6995.470215
12/30/2010,6914.189941
1/3/2011,6989.740234
1/4/2011,6975.350098
1/5/2011,6939.819824
1/6/2011,6981.390137
1/7/2011,6947.839844
1/10/2011,6857.060059
1/11/2011,6941.569824
1/12/2011,7068.779785
1/13/2011,7075.109863
1/14/2011,7075.700195
1/17/2011,7078.060059
1/18/2011,7143.450195
1/19/2011,7082.759766
1/20/2011,7024.27002
1/21/2011,7062.419922
1/24/2011,7067.77002
1/25/2011,7059.009766
1/26/2011,7127.350098
1/27/2011,7155.580078
1/28/2011,7102.799805
1/31/2011,7077.47998
2/1/2011,7184.27002
2/2/2011,7183.669922
2/3/2011,7193.680176
2/4/2011,7216.209961
2/7/2011,7283.620117
2/8/2011,7323.240234
2/9/2011,7320.899902
2/10/2011,7340.279785
2/11/2011,7371.200195
2/14/2011,7396.629883
2/15/2011,7400.040039
2/16/2011,7414.299805
2/17/2011,7405.509766
2/18/2011,7426.810059
2/21/2011,7321.810059
2/22/2011,7318.350098
2/23/2011,7194.600098
2/24/2011,7130.5
2/25/2011,7185.169922
2/28/2011,7272.319824
3/1/2011,7223.299805
3/2/2011,7181.120117
3/3/2011,7225.959961
3/4/2011,7178.899902
3/7/2011,7161.930176
3/8/2011,7164.75
3/9/2011,7131.799805
3/10/2011,7063.089844
3/11/2011,6981.490234
3/14/2011,6866.629883
3/15/2011,6647.660156
3/16/2011,6513.839844
3/17/2011,6656.879883
3/18/2011,6664.399902
3/21/2011,6816.120117
3/22/2011,6780.970215
3/23/2011,6804.450195
3/24/2011,6933.580078
3/25/2011,6946.359863
3/28/2011,6938.629883
3/29/2011,6934.439941
3/30/2011,7057.149902
3/31/2011,7041.310059
4/1/2011,7179.810059
4/4/2011,7175.330078
4/5/2011,7175.310059
4/6/2011,7215.109863
4/7/2011,7178.779785
4/8/2011,7217.02002
4/11/2011,7204.859863
4/12/2011,7102.910156
4/13/2011,7177.970215
4/14/2011,7146.560059
4/15/2011,7178.290039
4/18/2011,7026.850098
4/19/2011,7039.310059
4/20/2011,7249.189941
4/21/2011,7295.490234
4/26/2011,7356.509766
4/27/2011,7404.950195
4/28/2011,7475.220215
4/29/2011,7514.459961
5/2/2011,7527.640137
5/3/2011,7500.700195
5/4/2011,7373.930176
5/5/2011,7376.959961
5/6/2011,7492.25
5/9/2011,7410.52002
5/10/2011,7501.52002
5/11/2011,7495.049805
5/12/2011,7443.950195
5/13/2011,7403.310059
5/16/2011,7387.540039
5/17/2011,7256.649902
5/18/2011,7303.529785
5/19/2011,7358.22998
5/20/2011,7266.819824
5/23/2011,7121.52002
5/24/2011,7150.660156
5/25/2011,7170.939941
5/26/2011,7114.089844
5/27/2011,7163.470215
5/30/2011,7160.299805
5/31/2011,7293.689941
6/1/2011,7217.430176
6/2/2011,7074.120117
6/3/2011,7109.029785
6/6/2011,7084.569824
6/7/2011,7103.25
6/8/2011,7060.22998
6/9/2011,7159.660156
6/10/2011,7069.899902
6/13/2011,7085.140137
6/14/2011,7204.790039
6/15/2011,7115.080078
6/16/2011,7110.200195
6/17/2011,7164.049805
6/20/2011,7150.209961
6/21/2011,7285.509766
6/22/2011,7278.189941
6/23/2011,7149.439941
6/24/2011,7121.379883
6/27/2011,7107.899902
6/28/2011,7170.430176
6/29/2011,7294.140137
6/30/2011,7376.240234
7/1/2011,7419.439941
7/4/2011,7442.959961
7/5/2011,7439.439941
7/6/2011,7431.189941
7/7/2011,7471.439941
7/8/2011,7402.72998
7/11/2011,7230.25
7/12/2011,7174.140137
7/13/2011,7267.870117
7/14/2011,7214.740234
7/15/2011,7220.120117
7/18/2011,7107.919922
7/19/2011,7192.669922
7/20/2011,7221.359863
7/21/2011,7290.140137
7/22/2011,7326.390137
7/25/2011,7344.540039
7/26/2011,7349.450195
7/27/2011,7252.680176
7/28/2011,7190.060059
7/29/2011,7158.77002
8/1/2011,6953.97998
8/2/2011,6796.75
8/3/2011,6640.589844
8/4/2011,6414.759766
8/5/2011,6236.160156
8/8/2011,5923.27002
8/9/2011,5917.080078
8/10/2011,5613.419922
8/11/2011,5797.660156
8/12/2011,5997.740234
8/15/2011,6022.240234
8/16/2011,5994.899902
8/17/2011,5948.939941
8/18/2011,5602.799805
8/19/2011,5480
8/22/2011,5473.779785
8/23/2011,5532.379883
8/24/2011,5681.080078
8/25/2011,5584.140137
8/26/2011,5537.47998
8/29/2011,5670.069824
8/30/2011,5643.919922
8/31/2011,5784.850098
9/1/2011,5730.629883
9/2/2011,5538.330078
9/5/2011,5246.180176
9/6/2011,5193.970215
9/7/2011,5405.529785
9/8/2011,5408.459961
9/9/2011,5189.930176
9/12/2011,5072.330078
9/13/2011,5166.359863
9/14/2011,5340.189941
9/15/2011,5508.240234
9/16/2011,5573.509766
9/19/2011,5415.910156
9/20/2011,5571.680176
9/21/2011,5433.799805
9/22/2011,5164.209961
9/23/2011,5196.560059
9/26/2011,5345.560059
9/27/2011,5628.439941
9/28/2011,5578.419922
9/29/2011,5639.580078
9/30/2011,5502.02002
10/4/2011,5216.709961
10/5/2011,5473.029785
10/6/2011,5645.25
10/7/2011,5675.700195
10/10/2011,5847.290039
10/11/2011,5865.009766
10/12/2011,5994.470215
10/13/2011,5914.839844
10/14/2011,5967.200195
10/17/2011,5859.430176
10/18/2011,5877.410156
10/19/2011,5913.529785
10/20/2011,5766.47998
10/21/2011,5970.959961
10/24/2011,6055.27002
10/25/2011,6046.75
10/26/2011,6016.069824
10/27/2011,6337.839844
10/28/2011,6346.189941
10/31/2011,6141.339844
11/1/2011,5834.509766
11/2/2011,5965.629883
11/3/2011,6133.180176
11/4/2011,5966.160156
11/7/2011,5928.680176
11/8/2011,5961.439941
11/9/2011,5829.540039
11/10/2011,5867.810059
11/11/2011,6057.029785
11/14/2011,5985.02002
11/15/2011,5933.140137
11/16/2011,5913.359863
11/17/2011,5850.169922
11/18/2011,5800.240234
11/21/2011,5606
11/22/2011,5537.390137
11/23/2011,5457.77002
11/24/2011,5428.109863
11/25/2011,5492.870117
11/28/2011,5745.330078
11/29/2011,5799.910156
11/30/2011,6088.839844
12/1/2011,6035.879883
12/2/2011,6080.680176
12/5/2011,6106.089844
12/6/2011,6028.819824
12/7/2011,5994.72998
12/8/2011,5874.439941
12/9/2011,5986.709961
12/12/2011,5785.430176
12/13/2011,5774.259766
12/14/2011,5675.140137
12/15/2011,5730.620117
12/16/2011,5701.779785
12/19/2011,5670.709961
12/20/2011,5847.029785
12/21/2011,5791.529785
12/22/2011,5852.180176
12/23/2011,5878.930176
12/27/2011,5889.759766
12/28/2011,5771.27002
12/29/2011,5848.779785
12/30/2011,5898.350098
1/2/2012,6075.52002
1/3/2012,6166.569824
1/4/2012,6111.549805
1/5/2012,6095.990234
1/6/2012,6057.919922
1/9/2012,6017.22998
1/10/2012,6162.97998
1/11/2012,6152.339844
1/12/2012,6179.209961
1/13/2012,6143.080078
1/16/2012,6220.009766
1/17/2012,6332.930176
1/18/2012,6354.569824
1/19/2012,6416.259766
1/20/2012,6404.390137
1/23/2012,6436.620117
1/24/2012,6419.220215
1/25/2012,6421.850098
1/26/2012,6539.850098
1/27/2012,6511.97998
1/30/2012,6444.450195
1/31/2012,6458.910156
2/1/2012,6616.640137
2/2/2012,6655.629883
2/3/2012,6766.669922
2/6/2012,6764.830078
2/7/2012,6754.200195
2/8/2012,6748.759766
2/9/2012,6788.799805
2/10/2012,6692.959961
2/13/2012,6738.470215
2/14/2012,6728.189941
2/15/2012,6757.939941
2/16/2012,6751.959961
2/17/2012,6848.029785
2/20/2012,6948.25
2/21/2012,6908.180176
2/22/2012,6843.870117
2/23/2012,6809.459961
2/24/2012,6864.430176
2/27/2012,6849.600098
2/28/2012,6887.629883
2/29/2012,6856.080078
3/1/2012,6941.77002
3/2/2012,6921.370117
3/5/2012,6866.459961
3/6/2012,6633.109863
3/7/2012,6671.109863
3/8/2012,6834.540039
3/9/2012,6880.209961
3/12/2012,6901.350098
3/13/2012,6995.910156
3/14/2012,7079.419922
3/15/2012,7144.450195
3/16/2012,7157.819824
3/19/2012,7154.220215
3/20/2012,7054.939941
3/21/2012,7071.319824
3/22/2012,6981.259766
3/23/2012,6995.620117
3/26/2012,7079.22998
3/27/2012,7078.899902
3/28/2012,6998.799805
3/29/2012,6875.149902
3/30/2012,6946.830078
4/2/2012,7056.649902
4/3/2012,6982.279785
4/4/2012,6784.060059
4/5/2012,6775.259766
4/10/2012,6606.430176
4/11/2012,6674.72998
4/12/2012,6743.240234
4/13/2012,6583.899902
4/16/2012,6625.189941
4/17/2012,6801
4/18/2012,6732.029785
4/19/2012,6671.220215
4/20/2012,6750.120117
4/23/2012,6523
4/24/2012,6590.410156
4/25/2012,6704.5
4/26/2012,6739.899902
4/27/2012,6801.319824
4/30/2012,6761.189941
5/2/2012,6710.77002
5/3/2012,6694.439941
5/4/2012,6561.470215
5/7/2012,6569.47998
5/8/2012,6444.740234
5/9/2012,6475.310059
5/10/2012,6518
5/11/2012,6579.930176
5/14/2012,6451.970215
5/15/2012,6401.060059
5/16/2012,6384.259766
5/17/2012,6308.959961
5/18/2012,6271.220215
5/21/2012,6331.040039
5/22/2012,6435.600098
5/23/2012,6285.75
5/24/2012,6315.890137
5/25/2012,6339.939941
5/28/2012,6323.189941
5/29/2012,6396.839844
5/30/2012,6280.799805
5/31/2012,6264.379883
6/1/2012,6050.290039
6/4/2012,5978.22998
6/5/2012,5969.399902
6/6/2012,6093.990234
6/7/2012,6144.220215
6/8/2012,6130.819824
6/11/2012,6141.049805
6/12/2012,6161.240234
6/13/2012,6152.490234
6/14/2012,6138.609863
6/15/2012,6229.410156
6/18/2012,6248.200195
6/19/2012,6363.359863
6/20/2012,6392.129883
6/21/2012,6343.129883
6/22/2012,6263.25
6/25/2012,6132.390137
6/26/2012,6136.689941
6/27/2012,6228.990234
6/28/2012,6149.910156
6/29/2012,6416.279785
7/2/2012,6496.080078
7/3/2012,6578.209961
7/4/2012,6564.799805
7/5/2012,6535.560059
7/6/2012,6410.109863
7/9/2012,6387.569824
7/10/2012,6438.330078
7/11/2012,6453.850098
7/12/2012,6419.350098
7/13/2012,6557.100098
7/16/2012,6565.720215
7/17/2012,6577.640137
7/18/2012,6684.419922
7/19/2012,6758.390137
7/20/2012,6630.02002
7/23/2012,6419.330078
7/24/2012,6390.410156
7/25/2012,6406.52002
7/26/2012,6582.959961
7/27/2012,6689.399902
7/30/2012,6774.060059
7/31/2012,6772.259766
8/1/2012,6754.459961
8/2/2012,6606.089844
8/3/2012,6865.660156
8/6/2012,6918.720215
8/7/2012,6967.950195
8/8/2012,6966.149902
8/9/2012,6964.990234
8/10/2012,6944.560059
8/13/2012,6909.680176
8/14/2012,6974.390137
8/15/2012,6946.799805
8/16/2012,6996.290039
8/17/2012,7040.879883
8/20/2012,7033.680176
8/21/2012,7089.319824
8/22/2012,7017.75
8/23/2012,6949.569824
8/24/2012,6971.069824
8/27/2012,7047.450195
8/28/2012,7002.680176
8/29/2012,7010.569824
8/30/2012,6895.490234
8/31/2012,6970.790039
9/3/2012,7014.830078
9/4/2012,6932.580078
9/5/2012,6964.689941
9/6/2012,7167.330078
9/7/2012,7214.5
9/10/2012,7213.700195
9/11/2012,7310.109863
9/12/2012,7343.529785
9/13/2012,7310.319824
9/14/2012,7412.129883
9/17/2012,7403.689941
9/18/2012,7347.689941
9/19/2012,7390.759766
9/20/2012,7389.490234
9/21/2012,7451.620117
9/24/2012,7413.160156
9/25/2012,7425.109863
9/26/2012,7276.509766
9/27/2012,7290.02002
9/28/2012,7216.149902
10/1/2012,7326.72998
10/2/2012,7305.859863
10/4/2012,7305.209961
10/5/2012,7397.870117
10/8/2012,7291.209961
10/9/2012,7234.529785
10/10/2012,7205.22998
10/11/2012,7281.700195
10/12/2012,7232.490234
10/15/2012,7261.25
10/16/2012,7376.27002
10/17/2012,7394.549805
10/18/2012,7437.22998
10/19/2012,7380.640137
10/22/2012,7328.049805
10/23/2012,7173.689941
10/24/2012,7192.850098
10/25/2012,7200.22998
10/26/2012,7231.850098
10/29/2012,7203.160156
10/30/2012,7284.399902
10/31/2012,7260.629883
11/1/2012,7335.669922
11/2/2012,7363.850098
11/5/2012,7326.470215
11/6/2012,7377.759766
11/7/2012,7232.830078
11/8/2012,7204.959961
11/9/2012,7163.5
11/12/2012,7168.759766
11/13/2012,7169.120117
11/14/2012,7101.919922
11/15/2012,7043.419922
11/16/2012,6950.529785
11/19/2012,7123.839844
11/20/2012,7172.990234
11/21/2012,7184.709961
11/22/2012,7244.990234
11/23/2012,7309.129883
11/26/2012,7292.029785
11/27/2012,7332.330078
11/28/2012,7343.410156
11/29/2012,7400.959961
11/30/2012,7405.5
12/3/2012,7435.209961
12/4/2012,7435.120117
12/5/2012,7454.549805
12/6/2012,7534.540039
12/7/2012,7517.799805
12/10/2012,7530.919922
12/11/2012,7589.75
12/12/2012,7614.790039
12/13/2012,7581.97998
12/14/2012,7596.470215
12/17/2012,7604.939941
12/18/2012,7653.580078
12/19/2012,7668.5
12/20/2012,7672.100098
12/21/2012,7636.22998
12/27/2012,7655.879883
12/28/2012,7612.390137
1/2/2013,7778.779785
1/3/2013,7756.439941
1/4/2013,7776.370117
1/7/2013,7732.660156
1/8/2013,7695.830078
1/9/2013,7720.470215
1/10/2013,7708.470215
1/11/2013,7715.529785
1/14/2013,7729.52002
1/15/2013,7675.910156
1/16/2013,7691.129883
1/17/2013,7735.459961
1/18/2013,7702.22998
1/21/2013,7748.859863
1/22/2013,7696.209961
1/23/2013,7707.540039
1/24/2013,7748.129883
1/25/2013,7857.970215
1/28/2013,7833
1/29/2013,7848.569824
1/30/2013,7811.310059
1/31/2013,7776.049805
2/1/2013,7833.390137
2/4/2013,7638.22998
2/5/2013,7664.660156
2/6/2013,7581.180176
2/7/2013,7590.850098
2/8/2013,7652.140137
2/11/2013,7633.740234
2/12/2013,7660.189941
2/13/2013,7711.890137
2/14/2013,7631.189941
2/15/2013,7593.509766
2/18/2013,7628.72998
2/19/2013,7752.450195
2/20/2013,7728.899902
2/21/2013,7583.569824
2/22/2013,7661.910156
2/25/2013,7773.189941
2/26/2013,7597.109863
2/27/2013,7675.830078
2/28/2013,7741.700195
3/1/2013,7708.160156
3/4/2013,7691.680176
3/5/2013,7870.310059
3/6/2013,7919.330078
3/7/2013,7939.77002
3/8/2013,7986.470215
3/11/2013,7984.290039
3/12/2013,7966.120117
3/13/2013,7970.910156
3/14/2013,8058.370117
3/15/2013,8042.850098
3/18/2013,8010.700195
3/19/2013,7947.790039
3/20/2013,8001.970215
3/21/2013,7932.509766
3/22/2013,7911.350098
3/25/2013,7870.899902
3/26/2013,7879.669922
3/27/2013,7789.089844
3/28/2013,7795.310059
4/2/2013,7943.870117
4/3/2013,7874.75
4/4/2013,7817.390137
4/5/2013,7658.75
4/8/2013,7662.640137
4/9/2013,7637.509766
4/10/2013,7810.629883
4/11/2013,7871.629883
4/12/2013,7744.77002
4/15/2013,7712.629883
4/16/2013,7682.580078
4/17/2013,7503.029785
4/18/2013,7473.72998
4/19/2013,7459.959961
4/22/2013,7478.109863
4/23/2013,7658.209961
4/24/2013,7759.029785
4/25/2013,7832.859863
4/26/2013,7814.759766
4/29/2013,7873.5
4/30/2013,7913.709961
5/2/2013,7961.709961
5/3/2013,8122.290039
5/6/2013,8112.080078
5/7/2013,8181.779785
5/8/2013,8249.709961
5/9/2013,8262.549805
5/10/2013,8278.589844
5/13/2013,8279.290039
5/14/2013,8339.110352
5/15/2013,8362.419922
5/16/2013,8369.870117
5/17/2013,8398
5/20/2013,8455.830078
5/21/2013,8472.200195
5/22/2013,8530.889648
5/23/2013,8351.980469
5/24/2013,8305.320313
5/27/2013,8383.299805
5/28/2013,8480.870117
5/29/2013,8336.580078
5/30/2013,8400.200195
5/31/2013,8348.839844
6/3/2013,8285.799805
6/4/2013,8295.959961
6/5/2013,8196.179688
6/6/2013,8098.810059
6/7/2013,8254.679688
6/10/2013,8307.69043
6/11/2013,8222.459961
6/12/2013,8143.27002
6/13/2013,8095.390137
6/14/2013,8127.959961
6/17/2013,8215.730469
6/18/2013,8229.509766
6/19/2013,8197.080078
6/20/2013,7928.47998
6/21/2013,7789.240234
6/24/2013,7692.450195
6/25/2013,7811.299805
6/26/2013,7940.990234
6/27/2013,7990.75
6/28/2013,7959.220215
7/1/2013,7983.919922
7/2/2013,7910.77002
7/3/2013,7829.319824
7/4/2013,7994.310059
7/5/2013,7806
7/8/2013,7968.540039
7/9/2013,8057.75
7/10/2013,8066.47998
7/11/2013,8158.799805
7/12/2013,8212.769531
7/15/2013,8234.80957
7/16/2013,8201.049805
7/17/2013,8254.719727
7/18/2013,8337.089844
7/19/2013,8331.570313
7/22/2013,8331.05957
7/23/2013,8314.230469
7/24/2013,8379.110352
7/25/2013,8298.980469
7/26/2013,8244.910156
7/29/2013,8259.030273
7/30/2013,8271.019531
7/31/2013,8275.969727
8/1/2013,8410.730469
8/2/2013,8406.94043
8/5/2013,8398.379883
8/6/2013,8299.730469
8/7/2013,8260.480469
8/8/2013,8318.320313
8/9/2013,8338.30957
8/12/2013,8359.25
8/13/2013,8415.759766
8/14/2013,8438.120117
8/15/2013,8376.290039
8/16/2013,8391.94043
8/19/2013,8366.290039
8/20/2013,8300.030273
8/21/2013,8285.410156
8/22/2013,8397.889648
8/23/2013,8416.990234
8/26/2013,8435.150391
8/27/2013,8242.55957
8/28/2013,8157.899902
8/29/2013,8194.549805
8/30/2013,8103.149902
9/2/2013,8243.870117
9/3/2013,8180.709961
9/4/2013,8195.919922
9/5/2013,8234.980469
9/6/2013,8275.669922
9/9/2013,8276.320313
9/10/2013,8446.540039
9/11/2013,8495.730469
9/12/2013,8494
9/13/2013,8509.419922
9/16/2013,8613
9/17/2013,8596.950195
9/18/2013,8636.05957
9/19/2013,8694.179688
9/20/2013,8675.730469
9/23/2013,8635.290039
9/24/2013,8664.599609
9/25/2013,8665.629883
9/26/2013,8664.099609
9/27/2013,8661.509766
9/30/2013,8594.400391
10/1/2013,8689.139648
10/2/2013,8629.419922
10/4/2013,8622.969727
10/7/2013,8591.580078
10/8/2013,8555.889648
10/9/2013,8516.69043
10/10/2013,8685.769531
10/11/2013,8724.830078
10/14/2013,8723.80957
10/15/2013,8804.44043
10/16/2013,8846
10/17/2013,8811.980469
10/18/2013,8865.099609
10/21/2013,8867.219727
10/22/2013,8947.459961
10/23/2013,8919.860352
10/24/2013,8980.629883
10/25/2013,8985.740234
10/28/2013,8978.650391
10/29/2013,9022.040039
10/30/2013,9010.269531
10/31/2013,9033.919922
11/1/2013,9007.830078
11/4/2013,9037.230469
11/5/2013,9009.110352
11/6/2013,9040.870117
11/7/2013,9081.030273
11/8/2013,9078.280273
11/11/2013,9107.860352
11/12/2013,9076.480469
11/13/2013,9054.830078
11/14/2013,9149.660156
11/15/2013,9168.69043
11/18/2013,9225.429688
11/19/2013,9193.290039
11/20/2013,9202.070313
11/21/2013,9196.080078
11/22/2013,9219.040039
11/25/2013,9299.950195
11/26/2013,9290.070313
11/27/2013,9351.129883
11/28/2013,9387.370117
11/29/2013,9405.299805
12/2/2013,9401.959961
12/3/2013,9223.400391
12/4/2013,9140.629883
12/5/2013,9084.950195
12/6/2013,9172.410156
12/9/2013,9195.169922
12/10/2013,9114.44043
12/11/2013,9077.110352
12/12/2013,9017
12/13/2013,9006.459961
12/16/2013,9163.55957
12/17/2013,9085.120117
12/18/2013,9181.75
12/19/2013,9335.740234
12/20/2013,9400.179688
12/23/2013,9488.820313
12/27/2013,9589.389648
12/30/2013,9552.160156
1/2/2014,9400.040039
1/3/2014,9435.150391
1/6/2014,9428
1/7/2014,9506.200195
1/8/2014,9497.839844
1/9/2014,9421.610352
1/10/2014,9473.240234
1/13/2014,9510.169922
1/14/2014,9540.509766
1/15/2014,9733.80957
1/16/2014,9717.709961
1/17/2014,9742.959961
1/20/2014,9715.900391
1/21/2014,9730.120117
1/22/2014,9720.110352
1/23/2014,9631.040039
1/24/2014,9392.019531
1/27/2014,9349.219727
1/28/2014,9406.910156
1/29/2014,9336.730469
1/30/2014,9373.480469
1/31/2014,9306.480469
2/3/2014,9186.519531
2/4/2014,9127.910156
2/5/2014,9116.320313
2/6/2014,9256.580078
2/7/2014,9301.919922
2/10/2014,9289.860352
2/11/2014,9478.769531
2/12/2014,9540
2/13/2014,9596.769531
2/14/2014,9662.400391
2/17/2014,9656.759766
2/18/2014,9659.780273
2/19/2014,9660.049805
2/20/2014,9618.849609
2/21/2014,9656.950195
2/24/2014,9708.94043
2/25/2014,9699.349609
2/26/2014,9661.730469
2/27/2014,9588.330078
2/28/2014,9692.080078
3/3/2014,9358.889648
3/4/2014,9589.150391
3/5/2014,9542.019531
3/6/2014,9542.870117
3/7/2014,9350.75
3/10/2014,9265.5
3/11/2014,9307.790039
3/12/2014,9188.69043
3/13/2014,9017.790039
3/14/2014,9056.410156
3/17/2014,9180.889648
3/18/2014,9242.549805
3/19/2014,9277.049805
3/20/2014,9296.120117
3/21/2014,9342.94043
3/24/2014,9188.769531
3/25/2014,9338.400391
3/26/2014,9448.580078
3/27/2014,9451.209961
3/28/2014,9587.19043
3/31/2014,9555.910156
4/1/2014,9603.709961
4/2/2014,9623.360352
4/3/2014,9628.820313
4/4/2014,9695.769531
4/7/2014,9510.849609
4/8/2014,9490.790039
4/9/2014,9506.349609
4/10/2014,9454.540039
4/11/2014,9315.290039
4/14/2014,9339.169922
4/15/2014,9173.709961
4/16/2014,9317.820313
4/17/2014,9409.709961
4/22/2014,9600.089844
4/23/2014,9544.19043
4/24/2014,9548.679688
4/25/2014,9401.549805
4/28/2014,9446.360352
4/29/2014,9584.120117
4/30/2014,9603.230469
5/2/2014,9556.019531
5/5/2014,9529.5
5/6/2014,9467.530273
5/7/2014,9521.299805
5/8/2014,9607.400391
5/9/2014,9581.450195
5/12/2014,9702.459961
5/13/2014,9754.429688
5/14/2014,9754.389648
5/15/2014,9656.049805
5/16/2014,9629.099609
5/19/2014,9659.389648
5/20/2014,9639.080078
5/21/2014,9697.870117
5/22/2014,9720.910156
5/23/2014,9768.009766
5/26/2014,9892.820313
5/27/2014,9940.820313
5/28/2014,9939.169922
5/29/2014,9938.900391
5/30/2014,9943.269531
6/2/2014,9950.120117
6/3/2014,9919.740234
6/4/2014,9926.669922
6/5/2014,9947.830078
6/6/2014,9987.19043
6/9/2014,10008.62988
6/10/2014,10028.79981
6/11/2014,9949.80957
6/12/2014,9938.700195
6/13/2014,9912.870117
6/16/2014,9883.980469
6/17/2014,9920.320313
6/18/2014,9930.330078
6/19/2014,10004
6/20/2014,9987.240234
6/23/2014,9920.919922
6/24/2014,9938.080078
6/25/2014,9867.75
6/26/2014,9804.900391
6/27/2014,9815.169922
6/30/2014,9833.070313
7/1/2014,9902.410156
7/2/2014,9911.269531
7/3/2014,10029.42969
7/4/2014,10009.08008
7/7/2014,9906.070313
7/8/2014,9772.669922
7/9/2014,9808.200195
7/10/2014,9659.129883
7/11/2014,9666.339844
7/14/2014,9783.009766
7/15/2014,9719.410156
7/16/2014,9859.269531
7/17/2014,9753.879883
7/18/2014,9720.019531
7/21/2014,9612.049805
7/22/2014,9734.330078
7/23/2014,9753.55957
7/24/2014,9794.05957
7/25/2014,9644.009766
7/28/2014,9598.169922
7/29/2014,9653.629883
7/30/2014,9593.679688
7/31/2014,9407.480469
8/1/2014,9210.080078
8/4/2014,9154.139648
8/5/2014,9189.740234
8/6/2014,9130.040039
8/7/2014,9038.969727
8/8/2014,9009.320313
8/11/2014,9180.740234
8/12/2014,9069.469727
8/13/2014,9198.879883
8/14/2014,9225.099609
8/15/2014,9092.599609
8/18/2014,9245.330078
8/19/2014,9334.280273
8/20/2014,9314.570313
8/21/2014,9401.530273
8/22/2014,9339.169922
8/25/2014,9510.139648
8/26/2014,9588.150391
8/27/2014,9569.709961
8/28/2014,9462.55957
8/29/2014,9470.169922
9/1/2014,9479.030273
9/2/2014,9507.019531
9/3/2014,9626.490234
9/4/2014,9724.259766
9/5/2014,9747.019531
9/8/2014,9758.030273
9/9/2014,9710.700195
9/10/2014,9700.169922
9/11/2014,9691.280273
9/12/2014,9651.129883
9/15/2014,9659.629883
9/16/2014,9632.929688
9/17/2014,9661.5
9/18/2014,9798.129883
9/19/2014,9799.259766
9/22/2014,9749.540039
9/23/2014,9595.030273
9/24/2014,9661.969727
9/25/2014,9510.009766
9/26/2014,9490.549805
9/29/2014,9422.910156
9/30/2014,9474.299805
10/1/2014,9382.030273
10/2/2014,9195.679688
10/6/2014,9209.509766
10/7/2014,9086.209961
10/8/2014,8995.330078
10/9/2014,9005.019531
10/10/2014,8788.80957
10/13/2014,8812.429688
10/14/2014,8825.209961
10/15/2014,8571.950195
10/16/2014,8582.900391
10/17/2014,8850.269531
10/20/2014,8717.759766
10/21/2014,8886.959961
10/22/2014,8940.139648
10/23/2014,9047.30957
10/24/2014,8987.799805
10/27/2014,8902.610352
10/28/2014,9068.19043
10/29/2014,9082.80957
10/30/2014,9114.839844
10/31/2014,9326.870117
11/3/2014,9251.700195
11/4/2014,9166.469727
11/5/2014,9315.480469
11/6/2014,9377.410156
11/7/2014,9291.830078
11/10/2014,9351.870117
11/11/2014,9369.030273
11/12/2014,9210.959961
11/13/2014,9248.509766
11/14/2014,9252.94043
11/17/2014,9306.349609
11/18/2014,9456.530273
11/19/2014,9472.799805
11/20/2014,9483.969727
11/21/2014,9732.549805
11/24/2014,9785.540039
11/25/2014,9861.209961
11/26/2014,9915.55957
11/27/2014,9974.870117
11/28/2014,9980.849609
12/1/2014,9963.509766
12/2/2014,9934.080078
12/3/2014,9971.790039
12/4/2014,9851.349609
12/5/2014,10087.12012
12/8/2014,10014.99023
12/9/2014,9793.709961
12/10/2014,9799.730469
12/11/2014,9862.530273
12/12/2014,9594.730469
12/15/2014,9334.009766
12/16/2014,9563.889648
12/17/2014,9544.429688
12/18/2014,9811.05957
12/19/2014,9786.959961
12/22/2014,9865.759766
12/23/2014,9922.110352
12/29/2014,9927.129883
12/30/2014,9805.549805
1/2/2015,9764.730469
1/5/2015,9473.160156
1/6/2015,9469.660156
1/7/2015,9518.179688
1/8/2015,9837.610352
1/9/2015,9648.5
1/12/2015,9781.900391
1/13/2015,9941
1/14/2015,9817.080078
1/15/2015,10032.61035
1/16/2015,10167.76953
1/19/2015,10242.34961
1/20/2015,10257.12988
1/21/2015,10299.23047
1/22/2015,10435.62012
1/23/2015,10649.58008
1/26/2015,10798.33008
1/27/2015,10628.58008
1/28/2015,10710.96973
1/29/2015,10737.87012
1/30/2015,10694.32031
2/2/2015,10828.00977
2/3/2015,10890.9502
2/4/2015,10911.32031
2/5/2015,10905.41016
2/6/2015,10846.38965
2/9/2015,10663.50977
2/10/2015,10753.83008
2/11/2015,10752.11035
2/12/2015,10919.65039
2/13/2015,10963.40039
2/16/2015,10923.23047
2/17/2015,10895.62012
2/18/2015,10961
2/19/2015,11001.94043
2/20/2015,11050.63965
2/23/2015,11130.91992
2/24/2015,11205.74023
2/25/2015,11210.26953
2/26/2015,11327.19043
2/27/2015,11401.66016
3/2/2015,11410.36035
3/3/2015,11280.36035
3/4/2015,11390.37988
3/5/2015,11504.00977
3/6/2015,11550.96973
3/9/2015,11582.11035
3/10/2015,11500.37988
3/11/2015,11805.99023
3/12/2015,11799.38965
3/13/2015,11901.61035
3/16/2015,12167.71973
3/17/2015,11980.84961
3/18/2015,11922.76953
3/19/2015,11899.40039
3/20/2015,12039.37012
3/23/2015,11895.83984
3/24/2015,12005.69043
3/25/2015,11865.32031
3/26/2015,11843.67969
3/27/2015,11868.33008
3/30/2015,12086.00977
3/31/2015,11966.16992
4/1/2015,12001.37988
4/2/2015,11967.38965
4/7/2015,12123.51953
4/8/2015,12035.86035
4/9/2015,12166.44043
4/10/2015,12374.73047
4/13/2015,12338.73047
4/14/2015,12227.59961
4/15/2015,12231.33984
4/16/2015,11998.86035
4/17/2015,11688.7002
4/20/2015,11891.91016
4/21/2015,11939.58008
4/22/2015,11867.37012
4/23/2015,11723.58008
4/24/2015,11810.84961
4/27/2015,12039.16016
4/28/2015,11811.66016
4/29/2015,11432.71973
4/30/2015,11454.37988
5/4/2015,11619.84961
5/5/2015,11327.67969
5/6/2015,11350.15039
5/7/2015,11407.96973
5/8/2015,11709.73047
5/11/2015,11673.34961
5/12/2015,11472.41016
5/13/2015,11351.45996
5/14/2015,11559.82031
5/15/2015,11447.03027
5/18/2015,11594.28027
5/19/2015,11853.33008
5/20/2015,11848.46973
5/21/2015,11864.58984
5/22/2015,11815.00977
5/26/2015,11625.12988
5/27/2015,11771.12988
5/28/2015,11677.57031
5/29/2015,11413.82031
6/1/2015,11436.04981
6/2/2015,11328.79981
6/3/2015,11419.62012
6/4/2015,11340.59961
6/5/2015,11197.15039
6/8/2015,11064.91992
6/9/2015,11001.29004
6/10/2015,11265.38965
6/11/2015,11332.78027
6/12/2015,11196.49023
6/15/2015,10984.96973
6/16/2015,11044.00977
6/17/2015,10978.00977
6/18/2015,11100.29981
6/19/2015,11040.09961
6/22/2015,11460.5
6/23/2015,11542.54004
6/24/2015,11471.25977
6/25/2015,11473.12988
6/26/2015,11492.42969
6/29/2015,11083.2002
6/30/2015,10944.96973
7/1/2015,11180.5
7/2/2015,11099.34961
7/3/2015,11058.38965
7/6/2015,10890.62988
7/7/2015,10676.78027
7/8/2015,10747.29981
7/9/2015,10996.41016
7/10/2015,11315.62988
7/13/2015,11484.37988
7/14/2015,11516.90039
7/15/2015,11539.66016
7/16/2015,11716.75977
7/17/2015,11673.41992
7/20/2015,11735.71973
7/21/2015,11604.79981
7/22/2015,11520.66992
7/23/2015,11512.11035
7/24/2015,11347.4502
7/27/2015,11056.40039
7/28/2015,11173.91016
7/29/2015,11211.84961
7/30/2015,11257.15039
7/31/2015,11308.99023
8/3/2015,11443.71973
8/4/2015,11456.07031
8/5/2015,11636.29981
8/6/2015,11585.09961
8/7/2015,11490.83008
8/10/2015,11604.78027
8/11/2015,11293.65039
8/12/2015,10924.61035
8/13/2015,11014.62988
8/14/2015,10985.13965
8/17/2015,10940.33008
8/18/2015,10915.91992
8/19/2015,10682.15039
8/20/2015,10432.19043
8/21/2015,10124.51953
8/24/2015,9648.429688
8/25/2015,10128.12012
8/26/2015,9997.429688
8/27/2015,10315.62012
8/28/2015,10298.53027
8/31/2015,10259.45996
9/1/2015,10015.57031
9/2/2015,10048.04981
9/3/2015,10317.83984
9/4/2015,10038.04004
9/7/2015,10108.61035
9/8/2015,10271.36035
9/9/2015,10303.12012
9/10/2015,10210.44043
9/11/2015,10123.55957
9/14/2015,10131.74023
9/15/2015,10188.12988
9/16/2015,10227.20996
9/17/2015,10229.58008
9/18/2015,9916.160156
9/21/2015,9948.509766
9/22/2015,9570.660156
9/23/2015,9612.620117
9/24/2015,9427.639648
9/25/2015,9688.530273
9/28/2015,9483.549805
9/29/2015,9450.400391
9/30/2015,9660.44043
10/1/2015,9509.25
10/2/2015,9553.070313
10/5/2015,9814.790039
10/6/2015,9902.830078
10/7/2015,9970.400391
10/8/2015,9993.070313
10/9/2015,10096.59961
10/12/2015,10119.83008
10/13/2015,10032.82031
10/14/2015,9915.849609
10/15/2015,10064.79981
10/16/2015,10104.42969
10/19/2015,10164.30957
10/20/2015,10147.67969
10/21/2015,10238.09961
10/22/2015,10491.96973
10/23/2015,10794.54004
10/26/2015,10801.33984
10/27/2015,10692.19043
10/28/2015,10831.95996
10/29/2015,10800.83984
10/30/2015,10850.13965
11/2/2015,10950.66992
11/3/2015,10951.15039
11/4/2015,10845.24023
11/5/2015,10887.74023
11/6/2015,10988.03027
11/9/2015,10815.4502
11/10/2015,10832.51953
11/11/2015,10907.87012
11/12/2015,10782.62988
11/13/2015,10708.40039
11/16/2015,10713.23047
11/17/2015,10971.04004
11/18/2015,10959.9502
11/19/2015,11085.44043
11/20/2015,11119.83008
11/23/2015,11092.30957
11/24/2015,10933.99023
11/25/2015,11169.54004
11/26/2015,11320.76953
11/27/2015,11293.75977
11/30/2015,11382.23047
12/1/2015,11261.24023
12/2/2015,11190.01953
12/3/2015,10789.24023
12/4/2015,10752.09961
12/7/2015,10886.08984
12/8/2015,10673.59961
12/9/2015,10592.49023
12/10/2015,10598.92969
12/11/2015,10340.05957
12/14/2015,10139.33984
12/15/2015,10450.37988
12/16/2015,10469.25977
12/17/2015,10738.12012
12/18/2015,10608.19043
12/21/2015,10497.76953
12/22/2015,10488.75
12/23/2015,10727.63965
12/25/2015,null
12/28/2015,10653.91016
12/29/2015,10860.13965
12/30/2015,10743.00977
1/4/2016,10283.44043
1/5/2016,10310.09961
1/6/2016,10214.01953
1/7/2016,9979.849609
1/8/2016,9849.339844
1/11/2016,9825.070313
1/12/2016,9985.429688
1/13/2016,9960.959961
1/14/2016,9794.200195
1/15/2016,9545.269531
1/18/2016,9521.849609
1/19/2016,9664.209961
1/20/2016,9391.639648
1/21/2016,9574.160156
1/22/2016,9764.879883
1/25/2016,9736.150391
1/26/2016,9822.75
1/27/2016,9880.820313
1/28/2016,9639.589844
1/29/2016,9798.110352
2/1/2016,9757.879883
2/2/2016,9581.040039
2/3/2016,9434.820313
2/4/2016,9393.360352
2/5/2016,9286.230469
2/8/2016,8979.360352
2/9/2016,8879.400391
2/10/2016,9017.290039
2/11/2016,8752.870117
2/12/2016,8967.509766
2/15/2016,9206.839844
2/16/2016,9135.110352
2/17/2016,9377.209961
2/18/2016,9463.639648
2/19/2016,9388.049805
2/22/2016,9573.589844
2/23/2016,9416.769531
2/24/2016,9167.799805
2/25/2016,9331.480469
2/26/2016,9513.299805
2/29/2016,9495.400391
3/1/2016,9717.160156
3/2/2016,9776.620117
3/3/2016,9751.919922
3/4/2016,9824.169922
3/7/2016,9778.929688
3/8/2016,9692.820313
3/9/2016,9723.089844
3/10/2016,9498.150391
3/11/2016,9831.129883
3/14/2016,9990.259766
3/15/2016,9933.849609
3/16/2016,9983.410156
3/17/2016,9892.200195
3/18/2016,9950.799805
3/21/2016,9948.639648
3/22/2016,9990
3/23/2016,10022.92969
3/24/2016,9851.349609
3/29/2016,9887.94043
3/30/2016,10046.61035
3/31/2016,9965.509766
4/1/2016,9794.639648
4/4/2016,9822.080078
4/5/2016,9563.360352
4/6/2016,9624.509766
4/7/2016,9530.620117
4/8/2016,9622.259766
4/11/2016,9682.990234
4/12/2016,9761.469727
4/13/2016,10026.09961
4/14/2016,10093.65039
4/15/2016,10051.57031
4/18/2016,10120.30957
4/19/2016,10349.58984
4/20/2016,10421.29004
4/21/2016,10435.73047
4/22/2016,10373.49023
4/25/2016,10294.34961
4/26/2016,10259.58984
4/27/2016,10299.83008
4/28/2016,10321.15039
4/29/2016,10038.96973
5/2/2016,10123.26953
5/3/2016,9926.769531
5/4/2016,9828.25
5/5/2016,9851.860352
5/6/2016,9869.950195
5/9/2016,9980.490234
5/10/2016,10045.44043
5/11/2016,9975.320313
5/12/2016,9862.120117
5/13/2016,9952.900391
5/17/2016,9890.19043
5/18/2016,9943.230469
5/19/2016,9795.889648
5/20/2016,9916.019531
5/23/2016,9842.290039
5/24/2016,10057.30957
5/25/2016,10205.20996
5/26/2016,10272.70996
5/27/2016,10286.30957
5/30/2016,10333.23047
5/31/2016,10262.74023
6/1/2016,10204.44043
6/2/2016,10208
6/3/2016,10103.25977
6/6/2016,10121.08008
6/7/2016,10287.67969
6/8/2016,10217.03027
6/9/2016,10088.87012
6/10/2016,9834.620117
6/13/2016,9657.44043
6/14/2016,9519.200195
6/15/2016,9606.709961
6/16/2016,9550.469727
6/17/2016,9631.360352
6/20/2016,9962.019531
6/21/2016,10015.54004
6/22/2016,10071.05957
6/23/2016,10257.03027
6/24/2016,9557.160156
6/27/2016,9268.660156
6/28/2016,9447.280273
6/29/2016,9612.269531
6/30/2016,9680.089844
7/1/2016,9776.120117
7/4/2016,9709.089844
7/5/2016,9532.610352
7/6/2016,9373.259766
7/7/2016,9418.780273
7/8/2016,9629.660156
7/11/2016,9833.410156
7/12/2016,9964.070313
7/13/2016,9930.709961
7/14/2016,10068.29981
7/15/2016,10066.90039
7/18/2016,10063.12988
7/19/2016,9981.240234
7/20/2016,10142.00977
7/21/2016,10156.20996
7/22/2016,10147.45996
7/25/2016,10198.24023
7/26/2016,10247.75977
7/27/2016,10319.54981
7/28/2016,10274.92969
7/29/2016,10337.5
8/1/2016,10330.51953
8/2/2016,10144.33984
8/3/2016,10170.20996
8/4/2016,10227.86035
8/5/2016,10367.20996
8/8/2016,10432.36035
8/9/2016,10692.90039
8/10/2016,10650.88965
8/11/2016,10742.83984
8/12/2016,10713.42969
8/15/2016,10739.20996
8/16/2016,10676.65039
8/17/2016,10537.66992
8/18/2016,10603.03027
8/19/2016,10544.36035
8/22/2016,10494.34961
8/23/2016,10592.87988
8/24/2016,10622.96973
8/25/2016,10529.58984
8/26/2016,10587.76953
8/29/2016,10544.44043
8/30/2016,10657.63965
8/31/2016,10592.69043
9/1/2016,10534.30957
9/2/2016,10683.82031
9/5/2016,10672.21973
9/6/2016,10687.13965
9/7/2016,10752.98047
9/8/2016,10675.29004
9/9/2016,10573.44043
9/12/2016,10431.76953
9/13/2016,10386.59961
9/14/2016,10378.40039
9/15/2016,10431.2002
9/16/2016,10276.16992
9/19/2016,10373.87012
9/20/2016,10393.86035
9/21/2016,10436.49023
9/22/2016,10674.17969
9/23/2016,10626.96973
9/26/2016,10393.70996
9/27/2016,10361.48047
9/28/2016,10438.33984
9/29/2016,10405.54004
9/30/2016,10511.01953
10/4/2016,10619.61035
10/5/2016,10585.78027
10/6/2016,10568.79981
10/7/2016,10490.86035
10/10/2016,10624.08008
10/11/2016,10577.16016
10/12/2016,10523.07031
10/13/2016,10414.07031
10/14/2016,10580.37988
10/17/2016,10503.57031
10/18/2016,10631.54981
10/19/2016,10645.67969
10/20/2016,10701.38965
10/21/2016,10710.73047
10/24/2016,10761.16992
10/25/2016,10757.30957
10/26/2016,10709.67969
10/27/2016,10717.08008
10/28/2016,10696.19043
10/31/2016,10665.00977
11/1/2016,10526.16016
11/2/2016,10370.92969
11/3/2016,10325.87988
11/4/2016,10259.12988
11/7/2016,10456.9502
11/8/2016,10482.32031
11/9/2016,10646.00977
11/10/2016,10630.12012
11/11/2016,10667.9502
11/14/2016,10693.69043
11/15/2016,10735.13965
11/16/2016,10663.87012
11/17/2016,10685.54004
11/18/2016,10664.55957
11/21/2016,10685.12988
11/22/2016,10713.84961
11/23/2016,10662.44043
11/24/2016,10689.25977
11/25/2016,10699.26953
11/28/2016,10582.66992
11/29/2016,10620.49023
11/30/2016,10640.29981
12/1/2016,10534.04981
12/2/2016,10513.34961
12/5/2016,10684.83008
12/6/2016,10775.32031
12/7/2016,10986.69043
12/8/2016,11179.41992
12/9/2016,11203.62988
12/12/2016,11190.20996
12/13/2016,11284.65039
12/14/2016,11244.83984
12/15/2016,11366.40039
12/16/2016,11404.00977
12/19/2016,11426.7002
12/20/2016,11464.74023
12/21/2016,11468.63965
12/22/2016,11456.09961
12/23/2016,11449.92969
12/27/2016,11472.24023
12/28/2016,11474.99023
12/29/2016,11451.04981
12/30/2016,11481.05957
1/2/2017,11598.33008
1/3/2017,11584.24023
1/4/2017,11584.30957
1/5/2017,11584.94043
1/6/2017,11599.00977
1/9/2017,11563.99023
1/10/2017,11583.29981
1/11/2017,11646.16992
1/12/2017,11521.04004
1/13/2017,11629.17969
1/16/2017,11554.70996
1/17/2017,11540
1/18/2017,11599.38965
1/19/2017,11596.88965
1/20/2017,11630.12988
1/23/2017,11545.75
1/24/2017,11594.94043
1/25/2017,11806.04981
1/26/2017,11848.62988
1/27/2017,11814.26953
1/30/2017,11681.88965
1/31/2017,11535.30957
2/1/2017,11659.5
2/2/2017,11627.9502
2/3/2017,11651.49023
2/6/2017,11509.83984
2/7/2017,11549.44043
2/8/2017,11543.37988
2/9/2017,11642.86035
2/10/2017,11666.96973
2/13/2017,11774.42969
2/14/2017,11771.80957
2/15/2017,11793.92969
2/16/2017,11757.24023
2/17/2017,11757.01953
2/20/2017,11827.62012
2/21/2017,11967.49023
2/22/2017,11998.58984
2/23/2017,11947.83008
2/24/2017,11804.03027
2/27/2017,11822.66992
2/28/2017,11834.41016
3/1/2017,12067.19043
3/2/2017,12059.57031
3/3/2017,12027.36035
3/6/2017,11958.40039
3/7/2017,11966.13965
3/8/2017,11967.30957
3/9/2017,11978.38965
3/10/2017,11963.17969
3/13/2017,11990.03027
3/14/2017,11988.79004
3/15/2017,12009.87012
3/16/2017,12083.17969
3/17/2017,12095.24023
3/20/2017,12052.90039
3/21/2017,11962.12988
3/22/2017,11904.12012
3/23/2017,12039.67969
3/24/2017,12064.26953
3/27/2017,11996.07031
3/28/2017,12149.41992
3/29/2017,12203
3/30/2017,12256.42969
3/31/2017,12312.87012
4/3/2017,12257.2002
4/4/2017,12282.33984
4/5/2017,12217.54004
4/6/2017,12230.88965
4/7/2017,12225.05957
4/10/2017,12200.51953
4/11/2017,12139.34961
4/12/2017,12154.7002
4/13/2017,12109
4/18/2017,12000.44043
4/19/2017,12016.4502
4/20/2017,12027.32031
4/21/2017,12048.57031
4/24/2017,12454.98047
4/25/2017,12467.04004
4/26/2017,12472.79981
4/27/2017,12443.79004
4/28/2017,12438.00977
5/2/2017,12507.90039
5/3/2017,12527.83984
5/4/2017,12647.78027
5/5/2017,12716.88965
5/8/2017,12694.54981
5/9/2017,12749.12012
5/10/2017,12757.45996
5/11/2017,12711.05957
5/12/2017,12770.41016
5/15/2017,12807.04004
5/16/2017,12804.53027
5/17/2017,12631.61035
5/18/2017,12590.05957
5/19/2017,12638.69043
5/22/2017,12619.45996
5/23/2017,12659.15039
5/24/2017,12642.87012
5/25/2017,12621.71973
5/26/2017,12602.17969
5/29/2017,12628.9502
5/30/2017,12598.67969
5/31/2017,12615.05957
6/1/2017,12664.91992
6/2/2017,12822.94043
6/5/2017,null
6/6/2017,12690.12012
6/7/2017,12672.49023
6/8/2017,12713.58008
6/9/2017,12815.71973
6/12/2017,12690.44043
6/13/2017,12764.98047
6/14/2017,12805.9502
6/15/2017,12691.80957
6/16/2017,12752.73047
6/19/2017,12888.9502
6/20/2017,12814.79004
6/21/2017,12774.25977
6/22/2017,12794
6/23/2017,12733.41016
6/26/2017,12770.83008
6/27/2017,12671.01953
6/28/2017,12647.26953
6/29/2017,12416.19043
6/30/2017,12325.12012
7/3/2017,12475.30957
7/4/2017,12437.12988
7/5/2017,12453.67969
7/6/2017,12381.25
7/7/2017,12388.67969
7/10/2017,12445.91992
7/11/2017,12437.01953
7/12/2017,12626.58008
7/13/2017,12641.33008
7/14/2017,12631.71973
7/17/2017,12587.16016
7/18/2017,12430.38965
7/19/2017,12452.04981
7/20/2017,12447.25
7/21/2017,12240.05957
7/24/2017,12208.9502
7/25/2017,12264.30957
7/26/2017,12305.11035
7/27/2017,12212.04004
7/28/2017,12162.7002
7/31/2017,12118.25
8/1/2017,12251.29004
8/2/2017,12181.48047
8/3/2017,12154.71973
8/4/2017,12297.71973
8/7/2017,12257.16992
8/8/2017,12292.04981
8/9/2017,12154
8/10/2017,12014.29981
8/11/2017,12014.05957
8/14/2017,12165.12012
8/15/2017,12177.04004
8/16/2017,12263.86035
8/17/2017,12203.45996
8/18/2017,12165.19043
8/21/2017,12065.99023
8/22/2017,12229.33984
8/23/2017,12174.29981
8/24/2017,12180.83008
8/25/2017,12167.94043
8/28/2017,12123.46973
8/29/2017,11945.87988
8/30/2017,12002.46973
8/31/2017,12055.83984
9/1/2017,12142.63965
9/4/2017,12102.20996
9/5/2017,12123.70996
9/6/2017,12214.54004
9/7/2017,12296.62988
9/8/2017,12303.98047
9/11/2017,12475.24023
9/12/2017,12524.76953
9/13/2017,12553.57031
9/14/2017,12540.4502
9/15/2017,12518.80957
9/18/2017,12559.38965
9/19/2017,12561.79004
9/20/2017,12569.16992
9/21/2017,12600.03027
9/22/2017,12592.34961
9/25/2017,12594.80957
9/26/2017,12605.2002
9/27/2017,12657.41016
9/28/2017,12704.65039
9/29/2017,12828.86035
10/2/2017,12902.65039
10/3/2017,null
10/4/2017,12970.51953
10/5/2017,12968.04981
10/6/2017,12955.94043
10/9/2017,12976.40039
10/10/2017,12949.25
10/11/2017,12970.67969
10/12/2017,12982.88965
10/13/2017,12991.87012
10/16/2017,13003.7002
10/17/2017,12995.05957
10/18/2017,13043.03027
10/19/2017,12990.09961
10/20/2017,12991.28027
10/23/2017,13003.13965
10/24/2017,13013.19043
10/25/2017,12953.41016
10/26/2017,13133.28027
10/27/2017,13217.54004
10/30/2017,13229.57031
10/31/2017,null
11/1/2017,13465.50977
11/2/2017,13440.92969
11/3/2017,13478.86035
11/6/2017,13468.79004
11/7/2017,13379.26953
11/8/2017,13382.41992
11/9/2017,13182.55957
11/10/2017,13127.46973
11/13/2017,13074.41992
11/14/2017,13033.48047
11/15/2017,12976.37012
11/16/2017,13047.21973
11/17/2017,12993.73047
11/20/2017,13058.66016
11/21/2017,13167.54004
11/22/2017,13015.04004
11/23/2017,13008.54981
11/24/2017,13059.83984
11/27/2017,13000.2002
11/28/2017,13059.53027
11/29/2017,13061.87012
11/30/2017,13023.98047
12/1/2017,12861.49023
12/4/2017,13058.54981
12/5/2017,13048.54004
12/6/2017,12998.84961
12/7/2017,13045.15039
12/8/2017,13153.7002
12/11/2017,13123.65039
12/12/2017,13183.53027
12/13/2017,13125.63965
12/14/2017,13068.08008
12/15/2017,13103.55957
12/18/2017,13312.29981
12/19/2017,13215.79004
12/20/2017,13069.16992
12/21/2017,13109.74023
12/22/2017,13072.79004
12/27/2017,13070.01953
12/28/2017,12979.94043
12/29/2017,12917.63965
1/2/2018,12871.38965
1/3/2018,12978.20996
1/4/2018,13167.88965
1/5/2018,13319.63965
1/8/2018,13367.78027
1/9/2018,13385.58984
1/10/2018,13281.33984
1/11/2018,13202.90039
1/12/2018,13245.03027
1/15/2018,13200.50977
1/16/2018,13246.33008
1/17/2018,13183.95996
1/18/2018,13281.42969
1/19/2018,13434.4502
1/22/2018,13463.69043
1/23/2018,13559.59961
1/24/2018,13414.74023
1/25/2018,13298.36035
1/26/2018,13340.16992
1/29/2018,13324.48047
1/30/2018,13197.70996
1/31/2018,13189.48047
2/1/2018,13003.90039
2/2/2018,12785.16016
2/5/2018,12687.49023
2/6/2018,12392.66016
2/7/2018,12590.42969
2/8/2018,12260.29004
2/9/2018,12107.48047
2/12/2018,12282.76953
2/13/2018,12196.5
2/14/2018,12339.16016
2/15/2018,12346.16992
2/16/2018,12451.95996
2/19/2018,12385.59961
2/20/2018,12487.90039
2/21/2018,12470.49023
2/22/2018,12461.91016
2/23/2018,12483.79004
2/26/2018,12527.04004
2/27/2018,12490.73047
2/28/2018,12435.84961
3/1/2018,12190.94043
3/2/2018,11913.70996
3/5/2018,12090.87012
3/6/2018,12113.87012
3/7/2018,12245.36035
3/8/2018,12355.57031
3/9/2018,12346.67969
3/12/2018,12418.38965
3/13/2018,12221.03027
3/14/2018,12237.74023
3/15/2018,12345.55957
3/16/2018,12389.58008
3/19/2018,12217.01953
3/20/2018,12307.33008
3/21/2018,12309.15039
3/22/2018,12100.08008
3/23/2018,11886.30957
3/26/2018,11787.25977
3/27/2018,11970.83008
3/28/2018,11940.70996
3/29/2018,12096.73047
4/3/2018,12002.4502
4/4/2018,11957.90039
4/5/2018,12305.19043
4/6/2018,12241.26953
4/9/2018,12261.75
4/10/2018,12397.32031
4/11/2018,12293.96973
4/12/2018,12415.00977
4/13/2018,12442.40039
4/16/2018,12391.41016
4/17/2018,12585.57031
4/18/2018,12590.83008
4/19/2018,12567.41992
4/20/2018,12540.5
4/23/2018,12572.38965
4/24/2018,12550.82031
4/25/2018,12422.29981
4/26/2018,12500.46973
4/27/2018,12580.87012
4/30/2018,12612.11035
5/2/2018,12802.25
5/3/2018,12690.15039
5/4/2018,12819.59961
5/7/2018,12948.13965
5/8/2018,12912.20996
5/9/2018,12943.05957
5/10/2018,13022.87012
5/11/2018,13001.24023
5/14/2018,12977.70996
5/15/2018,12970.04004
5/16/2018,12996.33008
5/17/2018,13114.61035
5/18/2018,13077.71973
5/21/2018,null
5/22/2018,13169.91992
5/23/2018,12976.83984
5/24/2018,12855.08984
5/25/2018,12938.00977
5/28/2018,12863.45996
5/29/2018,12666.50977
5/30/2018,12783.75977
5/31/2018,12604.88965
6/1/2018,12724.26953
6/4/2018,12770.75
6/5/2018,12787.12988
6/6/2018,12830.07031
6/7/2018,12811.04981
6/8/2018,12766.54981
6/11/2018,12842.91016
6/12/2018,12842.29981
6/13/2018,12890.58008
6/14/2018,13107.09961
6/15/2018,13010.54981
6/18/2018,12834.11035
6/19/2018,12677.96973
6/20/2018,12695.16016
6/21/2018,12511.91016
6/22/2018,12579.71973
6/25/2018,12270.33008
6/26/2018,12234.33984
6/27/2018,12348.61035
6/28/2018,12177.23047
6/29/2018,12306
7/2/2018,12238.16992
7/3/2018,12349.13965
7/4/2018,12317.61035
7/5/2018,12464.29004
7/6/2018,12496.16992
7/9/2018,12543.88965
7/10/2018,12609.84961
7/11/2018,12417.12988
7/12/2018,12492.96973
7/13/2018,12540.73047
7/16/2018,12561.01953
7/17/2018,12661.54004
7/18/2018,12765.94043
7/19/2018,12686.29004
7/20/2018,12561.41992
7/23/2018,12548.57031
7/24/2018,12689.38965
7/25/2018,12579.33008
7/26/2018,12809.23047
7/27/2018,12860.40039
7/30/2018,12798.2002
7/31/2018,12805.5
8/1/2018,12737.04981
8/2/2018,12546.33008
8/3/2018,12615.75977
8/6/2018,12598.20996
8/7/2018,12648.19043
8/8/2018,12633.54004
8/9/2018,12676.11035
8/10/2018,12424.34961
8/13/2018,12358.74023
8/14/2018,12358.87012
8/15/2018,12163.00977
8/16/2018,12237.16992
8/17/2018,12210.54981
8/20/2018,12331.29981
8/21/2018,12384.49023
8/22/2018,12385.7002
8/23/2018,12365.58008
8/24/2018,12394.51953
8/27/2018,12538.30957
8/28/2018,12527.41992
8/29/2018,12561.67969
8/30/2018,12494.24023
8/31/2018,12364.05957
9/3/2018,12346.41016
9/4/2018,12210.20996
9/5/2018,12040.45996
9/6/2018,11955.25
9/7/2018,11959.62988
9/10/2018,11986.33984
9/11/2018,11970.26953
9/12/2018,12032.29981
9/13/2018,12055.54981
9/14/2018,12124.33008
9/17/2018,12096.41016
9/18/2018,12157.66992
9/19/2018,12219.01953
9/20/2018,12326.48047
9/21/2018,12430.87988
9/24/2018,12350.82031
9/25/2018,12374.66016
9/26/2018,12385.88965
9/27/2018,12435.58984
9/28/2018,12246.73047
10/1/2018,12339.03027
10/2/2018,12287.58008
10/4/2018,12244.13965
10/5/2018,12111.90039
10/8/2018,11947.16016
10/9/2018,11977.21973
10/10/2018,11712.5
10/11/2018,11539.34961
10/12/2018,11523.80957
10/15/2018,11614.16016
10/16/2018,11776.54981
10/17/2018,11715.03027
10/18/2018,11589.20996
10/19/2018,11553.83008
10/22/2018,11524.33984
10/23/2018,11274.28027
10/24/2018,11191.62988
10/25/2018,11307.12012
10/26/2018,11200.62012
10/29/2018,11335.48047
10/30/2018,11287.38965
10/31/2018,11447.50977
11/1/2018,11468.54004
11/2/2018,11518.99023
11/5/2018,11494.95996
11/6/2018,11484.33984
11/7/2018,11579.09961
11/8/2018,11527.32031
11/9/2018,11529.16016
11/12/2018,11325.44043
11/13/2018,11472.21973
11/14/2018,11412.53027
11/15/2018,11353.66992
11/16/2018,11341
11/19/2018,11244.54004
11/20/2018,11066.41016
11/21/2018,11244.16992
11/22/2018,11138.49023
11/23/2018,11192.69043
11/26/2018,11354.71973
11/27/2018,11309.11035
11/28/2018,11298.87988
11/29/2018,11298.23047
11/30/2018,11257.24023
12/3/2018,11465.45996
12/4/2018,11335.32031
12/5/2018,11200.24023
12/6/2018,10810.98047
12/7/2018,10788.08984
12/10/2018,10622.07031
12/11/2018,10780.50977
12/12/2018,10929.42969
12/13/2018,10924.7002
12/14/2018,10865.76953
12/17/2018,10772.2002
12/18/2018,10740.88965
12/19/2018,10766.20996
12/20/2018,10611.09961
12/21/2018,10633.82031
12/27/2018,10381.50977
12/28/2018,10558.95996
