Date,HSI.Close
1/2/2009,15042.80957
1/5/2009,15563.30957
1/6/2009,15509.50977
1/7/2009,14987.45996
1/8/2009,14415.91016
1/9/2009,14377.44043
1/12/2009,13971
1/13/2009,13668.04981
1/14/2009,13704.61035
1/15/2009,13242.95996
1/16/2009,13255.50977
1/19/2009,13339.99023
1/20/2009,12959.76953
1/21/2009,12583.62988
1/22/2009,12657.99023
1/23/2009,12578.59961
1/29/2009,13154.42969
1/30/2009,13278.20996
2/2/2009,12861.49023
2/3/2009,12776.88965
2/4/2009,13063.88965
2/5/2009,13178.90039
2/6/2009,13655.04004
2/9/2009,13769.05957
2/10/2009,13880.63965
2/11/2009,13539.20996
2/12/2009,13228.29981
2/13/2009,13554.66992
2/16/2009,13455.87988
2/17/2009,12945.40039
2/18/2009,13016
2/19/2009,13023.36035
2/20/2009,12699.16992
2/23/2009,13175.09961
2/24/2009,12798.51953
2/25/2009,13005.08008
2/26/2009,12894.94043
2/27/2009,12811.57031
3/2/2009,12317.45996
3/3/2009,12033.87988
3/4/2009,12331.15039
3/5/2009,12211.24023
3/6/2009,11921.51953
3/9/2009,11344.58008
3/10/2009,11694.04981
3/11/2009,11930.66016
3/12/2009,12001.53027
3/13/2009,12525.79981
3/16/2009,12976.70996
3/17/2009,12878.08984
3/18/2009,13117.16992
3/19/2009,13130.91992
3/20/2009,12833.50977
3/23/2009,13447.41992
3/24/2009,13910.33984
3/25/2009,13622.11035
3/26/2009,14108.98047
3/27/2009,14119.5
3/30/2009,13456.33008
3/31/2009,13576.01953
4/1/2009,13519.54004
4/2/2009,14521.96973
4/3/2009,14545.69043
4/6/2009,14998.04004
4/7/2009,14928.96973
4/8/2009,14474.86035
4/9/2009,14901.41016
4/14/2009,15580.16016
4/15/2009,15669.62012
4/16/2009,15582.99023
4/17/2009,15601.26953
4/20/2009,15750.91016
4/21/2009,15285.88965
4/22/2009,14878.4502
4/23/2009,15214.45996
4/24/2009,15258.84961
4/27/2009,14840.41992
4/28/2009,14555.11035
4/29/2009,14956.9502
4/30/2009,15520.99023
5/4/2009,16381.04981
5/5/2009,16430.08008
5/6/2009,16834.57031
5/7/2009,17217.89063
5/8/2009,17389.86914
5/11/2009,17087.94922
5/12/2009,17153.64063
5/13/2009,17059.61914
5/14/2009,16541.68945
5/15/2009,16790.69922
5/18/2009,17022.91016
5/19/2009,17544.0293
5/20/2009,17475.83984
5/21/2009,17199.49023
5/22/2009,17062.51953
5/25/2009,17121.82031
5/26/2009,16991.56055
5/27/2009,17885.26953
5/29/2009,18171
6/1/2009,18888.58984
6/2/2009,18389.08008
6/3/2009,18576.4707
6/4/2009,18502.76953
6/5/2009,18679.5293
6/8/2009,18253.39063
6/9/2009,18058.49023
6/10/2009,18785.66016
6/11/2009,18791.0293
6/12/2009,18889.67969
6/15/2009,18498.96094
6/16/2009,18165.5
6/17/2009,18084.59961
6/18/2009,17776.66016
6/19/2009,17920.92969
6/22/2009,18059.55078
6/23/2009,17538.36914
6/24/2009,17892.15039
6/25/2009,18275.0293
6/26/2009,18600.25977
6/29/2009,18528.50977
6/30/2009,18378.73047
7/2/2009,18178.05078
7/3/2009,18203.40039
7/6/2009,17979.41016
7/7/2009,17862.26953
7/8/2009,17721.07031
7/9/2009,17790.58984
7/10/2009,17708.41992
7/13/2009,17254.63086
7/14/2009,17885.73047
7/15/2009,18258.66016
7/16/2009,18361.86914
7/17/2009,18805.66016
7/20/2009,19502.36914
7/21/2009,19501.73047
7/22/2009,19248.16992
7/23/2009,19817.69922
7/24/2009,19982.78906
7/27/2009,20251.61914
7/28/2009,20624.53906
7/29/2009,20135.5
7/30/2009,20234.08008
7/31/2009,20573.33008
8/3/2009,20807.25977
8/4/2009,20796.42969
8/5/2009,20494.76953
8/6/2009,20899.24023
8/7/2009,20375.36914
8/10/2009,20929.51953
8/11/2009,21074.21094
8/12/2009,20435.24023
8/13/2009,20861.30078
8/14/2009,20893.33008
8/17/2009,20137.65039
8/18/2009,20306.26953
8/19/2009,19954.23047
8/20/2009,20328.85938
8/21/2009,20199.01953
8/24/2009,20535.93945
8/25/2009,20435.24023
8/26/2009,20456.32031
8/27/2009,20242.75
8/28/2009,20098.61914
8/31/2009,19724.18945
9/1/2009,19872.30078
9/2/2009,19522
9/3/2009,19761.67969
9/4/2009,20318.61914
9/7/2009,20629.31055
9/8/2009,21069.81055
9/9/2009,20851.03906
9/10/2009,21069.56055
9/11/2009,21161.41992
9/14/2009,20932.19922
9/15/2009,20866.36914
9/16/2009,21402.91992
9/17/2009,21768.50977
9/18/2009,21623.44922
9/21/2009,21472.84961
9/22/2009,21701.14063
9/23/2009,21595.51953
9/24/2009,21050.73047
9/25/2009,21024.40039
9/28/2009,20588.41016
9/29/2009,21013.16992
9/30/2009,20955.25
10/2/2009,20375.49023
10/5/2009,20429.07031
10/6/2009,20811.5293
10/7/2009,21241.58984
10/8/2009,21492.90039
10/9/2009,21499.43945
10/12/2009,21299.34961
10/13/2009,21467.35938
10/14/2009,21886.48047
10/15/2009,21999.08008
10/16/2009,21929.90039
10/19/2009,22200.46094
10/20/2009,22384.96094
10/21/2009,22318.10938
10/22/2009,22210.51953
10/23/2009,22589.73047
10/27/2009,22169.58984
10/28/2009,21761.58008
10/29/2009,21264.99023
10/30/2009,21752.86914
11/2/2009,21620.18945
11/3/2009,21240.06055
11/4/2009,21614.76953
11/5/2009,21479.08008
11/6/2009,21829.7207
11/9/2009,22207.55078
11/10/2009,22268.16016
11/11/2009,22627.21094
11/12/2009,22397.57031
11/13/2009,22553.63086
11/16/2009,22943.98047
11/17/2009,22914.15039
11/18/2009,22840.33008
11/19/2009,22643.16016
11/20/2009,22455.83984
11/23/2009,22771.39063
11/24/2009,22423.14063
11/25/2009,22611.80078
11/26/2009,22210.41016
11/27/2009,21134.5
11/30/2009,21821.5
12/1/2009,22113.15039
12/2/2009,22289.57031
12/3/2009,22553.86914
12/4/2009,22498.15039
12/7/2009,22324.96094
12/8/2009,22060.51953
12/9/2009,21741.75977
12/10/2009,21700.03906
12/11/2009,21902.10938
12/14/2009,22085.75
12/15/2009,21813.91992
12/16/2009,21611.74023
12/17/2009,21347.63086
12/18/2009,21175.88086
12/21/2009,20948.09961
12/22/2009,21092.03906
12/23/2009,21328.74023
12/24/2009,21517
12/28/2009,21480.2207
12/29/2009,21499.43945
12/30/2009,21496.61914
12/31/2009,21872.5
1/4/2010,21823.2793
1/5/2010,22279.58008
1/6/2010,22416.66992
1/7/2010,22269.44922
1/8/2010,22296.75
1/11/2010,22411.51953
1/12/2010,22326.64063
1/13/2010,21748.59961
1/14/2010,21716.94922
1/15/2010,21654.16016
1/18/2010,21460.00977
1/19/2010,21677.98047
1/20/2010,21286.16992
1/21/2010,20862.66992
1/22/2010,20726.17969
1/25/2010,20598.55078
1/26/2010,20109.33008
1/27/2010,20033.07031
1/28/2010,20356.36914
1/29/2010,20121.99023
2/1/2010,20243.75
2/2/2010,20272.17969
2/3/2010,20722.08008
2/4/2010,20341.64063
2/5/2010,19665.08008
2/8/2010,19550.89063
2/9/2010,19790.2793
2/10/2010,19922.2207
2/11/2010,20290.68945
2/12/2010,20268.68945
2/17/2010,20534.00977
2/18/2010,20422.15039
2/19/2010,19894.01953
2/22/2010,20377.26953
2/23/2010,20623
2/24/2010,20467.74023
2/25/2010,20399.57031
2/26/2010,20608.69922
3/1/2010,21056.92969
3/2/2010,20906.10938
3/3/2010,20876.78906
3/4/2010,20575.7793
3/5/2010,20787.9707
3/8/2010,21196.86914
3/9/2010,21207.55078
3/10/2010,21208.28906
3/11/2010,21228.19922
3/12/2010,21209.74023
3/15/2010,21079.09961
3/16/2010,21022.92969
3/17/2010,21384.49023
3/18/2010,21330.66992
3/19/2010,21370.82031
3/22/2010,20933.25
3/23/2010,20987.7793
3/24/2010,21008.61914
3/25/2010,20778.55078
3/26/2010,21053.10938
3/29/2010,21237.42969
3/30/2010,21374.78906
3/31/2010,21239.34961
4/1/2010,21537
4/7/2010,21928.76953
4/8/2010,21867.03906
4/9/2010,22208.5
4/12/2010,22138.16992
4/13/2010,22103.5293
4/14/2010,22121.42969
4/15/2010,22157.82031
4/16/2010,21865.25977
4/19/2010,21405.16992
4/20/2010,21623.38086
4/21/2010,21510.92969
4/22/2010,21454.93945
4/23/2010,21244.49023
4/26/2010,21587.06055
4/27/2010,21261.78906
4/28/2010,20949.40039
4/29/2010,20778.91992
4/30/2010,21108.58984
5/3/2010,20811.35938
5/4/2010,20763.05078
5/5/2010,20327.53906
5/6/2010,20133.41016
5/7/2010,19920.28906
5/10/2010,20426.64063
5/11/2010,20146.50977
5/12/2010,20212.49023
5/13/2010,20422.46094
5/14/2010,20145.42969
5/17/2010,19715.19922
5/18/2010,19944.93945
5/19/2010,19578.98047
5/20/2010,19545.83008
5/24/2010,19667.75977
5/25/2010,18985.5
5/26/2010,19196.44922
5/27/2010,19431.36914
5/28/2010,19766.71094
5/31/2010,19765.18945
6/1/2010,19496.94922
6/2/2010,19471.80078
6/3/2010,19786.71094
6/4/2010,19780.07031
6/7/2010,19378.15039
6/8/2010,19487.48047
6/9/2010,19621.24023
6/10/2010,19632.69922
6/11/2010,19872.38086
6/14/2010,20051.91016
6/15/2010,20062.15039
6/17/2010,20138.40039
6/18/2010,20286.71094
6/21/2010,20912.17969
6/22/2010,20819.08008
6/23/2010,20856.60938
6/24/2010,20733.49023
6/25/2010,20690.78906
6/28/2010,20726.67969
6/29/2010,20248.90039
6/30/2010,20128.99023
7/2/2010,19905.32031
7/5/2010,19842.19922
7/6/2010,20084.11914
7/7/2010,19857.07031
7/8/2010,20050.56055
7/9/2010,20378.66016
7/12/2010,20467.42969
7/13/2010,20431.06055
7/14/2010,20560.81055
7/15/2010,20255.61914
7/16/2010,20250.16016
7/19/2010,20090.94922
7/20/2010,20264.58984
7/21/2010,20487.23047
7/22/2010,20589.69922
7/23/2010,20815.33008
7/26/2010,20839.91016
7/27/2010,20973.39063
7/28/2010,21091.17969
7/29/2010,21093.82031
7/30/2010,21029.81055
8/2/2010,21412.78906
8/3/2010,21457.66016
8/4/2010,21549.88086
8/5/2010,21551.7207
8/6/2010,21678.80078
8/9/2010,21801.58984
8/10/2010,21473.59961
8/11/2010,21294.53906
8/12/2010,21105.71094
8/13/2010,21071.57031
8/16/2010,21112.11914
8/17/2010,21137.42969
8/18/2010,21022.73047
8/19/2010,21072.46094
8/20/2010,20981.82031
8/23/2010,20889.00977
8/24/2010,20658.71094
8/25/2010,20634.98047
8/26/2010,20612.06055
8/27/2010,20597.34961
8/30/2010,20737.2207
8/31/2010,20536.49023
9/1/2010,20623.83008
9/2/2010,20868.91992
9/3/2010,20971.5
9/6/2010,21355.76953
9/7/2010,21401.78906
9/8/2010,21088.85938
9/9/2010,21167.26953
9/10/2010,21257.39063
9/13/2010,21658.34961
9/14/2010,21696.03906
9/15/2010,21725.64063
9/16/2010,21691.44922
9/17/2010,21970.85938
9/20/2010,21977.33984
9/21/2010,22002.58984
9/22/2010,22047.71094
9/24/2010,22119.42969
9/27/2010,22340.83984
9/28/2010,22109.94922
9/29/2010,22378.66992
9/30/2010,22358.16992
10/4/2010,22618.66016
10/5/2010,22639.14063
10/6/2010,22880.41016
10/7/2010,22884.32031
10/8/2010,22944.17969
10/11/2010,23207.31055
10/12/2010,23121.69922
10/13/2010,23457.68945
10/14/2010,23852.16992
10/15/2010,23757.63086
10/18/2010,23469.38086
10/19/2010,23763.73047
10/20/2010,23556.5
10/21/2010,23649.48047
10/22/2010,23517.53906
10/25/2010,23627.91016
10/26/2010,23601.24023
10/27/2010,23164.58008
10/28/2010,23210.85938
10/29/2010,23096.32031
11/1/2010,23652.93945
11/2/2010,23671.41992
11/3/2010,24144.66992
11/4/2010,24535.63086
11/5/2010,24876.82031
11/8/2010,24964.36914
11/9/2010,24710.59961
11/10/2010,24500.60938
11/11/2010,24700.30078
11/12/2010,24222.58008
11/15/2010,24027.17969
11/16/2010,23693.01953
11/17/2010,23214.46094
11/18/2010,23637.39063
11/19/2010,23605.71094
11/22/2010,23524.01953
11/23/2010,22896.14063
11/24/2010,23023.85938
11/25/2010,23054.67969
11/26/2010,22877.25
11/29/2010,23166.2207
11/30/2010,23007.99023
12/1/2010,23249.80078
12/2/2010,23448.7793
12/3/2010,23320.51953
12/6/2010,23237.68945
12/7/2010,23428.15039
12/8/2010,23092.51953
12/9/2010,23171.80078
12/10/2010,23162.91016
12/13/2010,23317.60938
12/14/2010,23431.18945
12/15/2010,22975.34961
12/16/2010,22668.7793
12/17/2010,22714.84961
12/20/2010,22639.08008
12/21/2010,22993.85938
12/22/2010,23045.18945
12/23/2010,22902.9707
12/24/2010,22833.80078
12/28/2010,22621.73047
12/29/2010,22969.30078
12/30/2010,22999.33984
12/31/2010,23035.44922
1/3/2011,23436.05078
1/4/2011,23668.48047
1/5/2011,23757.82031
1/6/2011,23786.30078
1/7/2011,23686.63086
1/10/2011,23527.25977
1/11/2011,23760.33984
1/12/2011,24125.60938
1/13/2011,24238.98047
1/14/2011,24283.23047
1/17/2011,24156.9707
1/18/2011,24153.98047
1/19/2011,24419.61914
1/20/2011,24003.69922
1/21/2011,23876.85938
1/24/2011,23801.7793
1/25/2011,23788.83008
1/26/2011,23843.24023
1/27/2011,23779.61914
1/28/2011,23617.01953
1/31/2011,23447.33984
2/1/2011,23482.94922
2/2/2011,23908.96094
2/7/2011,23553.58984
2/8/2011,23484.30078
2/9/2011,23164.0293
2/10/2011,22708.61914
2/11/2011,22828.91992
2/14/2011,23121.06055
2/15/2011,22899.7793
2/16/2011,23156.9707
2/17/2011,23301.83984
2/18/2011,23595.24023
2/21/2011,23485.41992
2/22/2011,22990.81055
2/23/2011,22906.90039
2/24/2011,22601.03906
2/25/2011,23012.36914
2/28/2011,23338.01953
3/1/2011,23396.41992
3/2/2011,23048.66016
3/3/2011,23122.41992
3/4/2011,23408.85938
3/7/2011,23313.18945
3/8/2011,23711.69922
3/9/2011,23810.10938
3/10/2011,23614.89063
3/11/2011,23249.7793
3/14/2011,23345.88086
3/15/2011,22678.25
3/16/2011,22700.88086
3/17/2011,22284.42969
3/18/2011,22300.23047
3/21/2011,22685.2207
3/22/2011,22857.90039
3/23/2011,22825.40039
3/24/2011,22915.2793
3/25/2011,23158.66992
3/28/2011,23068.18945
3/29/2011,23060.35938
3/30/2011,23451.42969
3/31/2011,23527.51953
4/1/2011,23801.90039
4/4/2011,24150.58008
4/6/2011,24285.05078
4/7/2011,24281.80078
4/8/2011,24396.07031
4/11/2011,24303.07031
4/12/2011,23976.36914
4/13/2011,24135.0293
4/14/2011,24014
4/15/2011,24008.07031
4/18/2011,23830.31055
4/19/2011,23520.61914
4/20/2011,23896.09961
4/21/2011,24138.31055
4/26/2011,24007.38086
4/27/2011,23892.83984
4/28/2011,23805.63086
4/29/2011,23720.81055
5/3/2011,23633.25
5/4/2011,23315.24023
5/5/2011,23261.60938
5/6/2011,23159.14063
5/9/2011,23336
5/11/2011,23291.80078
5/12/2011,23073.75977
5/13/2011,23276.26953
5/16/2011,22960.63086
5/17/2011,22901.08008
5/18/2011,23011.14063
5/19/2011,23163.38086
5/20/2011,23199.39063
5/23/2011,22711.01953
5/24/2011,22730.7793
5/25/2011,22747.2793
5/26/2011,22900.78906
5/27/2011,23118.07031
5/30/2011,23184.32031
5/31/2011,23684.13086
6/1/2011,23626.42969
6/2/2011,23253.83984
6/3/2011,22949.56055
6/7/2011,22868.66992
6/8/2011,22661.63086
6/9/2011,22609.83008
6/10/2011,22420.36914
6/13/2011,22508.08008
6/14/2011,22496
6/15/2011,22343.76953
6/16/2011,21953.10938
6/17/2011,21695.25977
6/20/2011,21599.50977
6/21/2011,21850.58984
6/22/2011,21859.9707
6/23/2011,21759.14063
6/24/2011,22171.94922
6/27/2011,22041.76953
6/28/2011,22061.7793
6/29/2011,22061.17969
6/30/2011,22398.09961
7/4/2011,22770.4707
7/5/2011,22747.94922
7/6/2011,22517.55078
7/7/2011,22530.17969
7/8/2011,22726.42969
7/11/2011,22347.23047
7/12/2011,21663.16016
7/13/2011,21926.88086
7/14/2011,21940.19922
7/15/2011,21875.38086
7/18/2011,21804.75
7/19/2011,21902.40039
7/20/2011,22003.68945
7/21/2011,21987.28906
7/22/2011,22444.80078
7/25/2011,22293.28906
7/26/2011,22572.08008
7/27/2011,22541.68945
7/28/2011,22570.74023
7/29/2011,22440.25
8/1/2011,22663.36914
8/2/2011,22421.46094
8/3/2011,21992.7207
8/4/2011,21884.74023
8/5/2011,20946.14063
8/8/2011,20490.57031
8/9/2011,19330.69922
8/10/2011,19783.66992
8/11/2011,19595.14063
8/12/2011,19620.00977
8/15/2011,20260.09961
8/16/2011,20212.08008
8/17/2011,20289.0293
8/18/2011,20016.26953
8/19/2011,19399.91992
8/22/2011,19486.86914
8/23/2011,19875.5293
8/24/2011,19466.78906
8/25/2011,19752.48047
8/26/2011,19582.88086
8/29/2011,19865.10938
8/30/2011,20204.16992
8/31/2011,20534.84961
9/1/2011,20585.33008
9/2/2011,20212.91016
9/5/2011,19616.40039
9/6/2011,19710.5
9/7/2011,20048
9/8/2011,19912.82031
9/9/2011,19866.63086
9/12/2011,19030.53906
9/14/2011,19045.43945
9/15/2011,19181.5
9/16/2011,19455.31055
9/19/2011,18917.94922
9/20/2011,19014.80078
9/21/2011,18824.16992
9/22/2011,17911.94922
9/23/2011,17668.83008
9/26/2011,17407.80078
9/27/2011,18130.55078
9/28/2011,18011.06055
9/30/2011,17592.41016
10/3/2011,16822.15039
10/4/2011,16250.26953
10/6/2011,17172.2793
10/7/2011,17707.00977
10/10/2011,17711.06055
10/11/2011,18141.58984
10/12/2011,18329.46094
10/13/2011,18757.81055
10/14/2011,18501.78906
10/17/2011,18873.99023
10/18/2011,18076.46094
10/19/2011,18309.2207
10/20/2011,17983.09961
10/21/2011,18025.7207
10/24/2011,18771.82031
10/25/2011,18968.19922
10/26/2011,19066.53906
10/27/2011,19688.69922
10/28/2011,20019.24023
10/31/2011,19864.86914
11/1/2011,19369.96094
11/2/2011,19733.71094
11/3/2011,19242.5
11/4/2011,19842.78906
11/7/2011,19677.89063
11/8/2011,19678.4707
11/9/2011,20014.42969
11/10/2011,18963.89063
11/11/2011,19137.16992
11/14/2011,19508.17969
11/15/2011,19348.43945
11/16/2011,18960.90039
11/17/2011,18817.4707
11/18/2011,18491.23047
11/21/2011,18225.84961
11/22/2011,18251.58984
11/23/2011,17864.42969
11/24/2011,17935.09961
11/25/2011,17689.48047
11/28/2011,18037.81055
11/29/2011,18256.19922
11/30/2011,17989.34961
12/1/2011,19002.25977
12/2/2011,19040.39063
12/5/2011,19179.68945
12/6/2011,18942.23047
12/7/2011,19240.58008
12/8/2011,19107.81055
12/9/2011,18586.23047
12/12/2011,18575.66016
12/13/2011,18447.16992
12/14/2011,18354.42969
12/15/2011,18026.83984
12/16/2011,18285.39063
12/19/2011,18070.21094
12/20/2011,18080.19922
12/21/2011,18416.44922
12/22/2011,18378.23047
12/23/2011,18629.16992
12/24/2011,null
12/28/2011,18518.66992
12/29/2011,18397.91992
12/30/2011,18434.39063
12/31/2011,null
1/3/2012,18877.41016
1/4/2012,18727.31055
1/5/2012,18813.41016
1/6/2012,18593.06055
1/9/2012,18865.7207
1/10/2012,19004.2793
1/11/2012,19151.93945
1/12/2012,19095.38086
1/13/2012,19204.41992
1/16/2012,19012.19922
1/17/2012,19627.75
1/18/2012,19686.91992
1/19/2012,19942.94922
1/20/2012,20110.36914
1/26/2012,20439.14063
1/27/2012,20501.66992
1/30/2012,20160.41016
1/31/2012,20390.49023
2/1/2012,20333.36914
2/2/2012,20739.44922
2/3/2012,20756.98047
2/6/2012,20709.93945
2/7/2012,20699.18945
2/8/2012,21018.46094
2/9/2012,21010.00977
2/10/2012,20783.85938
2/13/2012,20887.40039
2/14/2012,20917.83008
2/15/2012,21365.23047
2/16/2012,21277.2793
2/17/2012,21491.61914
2/20/2012,21424.78906
2/21/2012,21478.7207
2/22/2012,21549.2793
2/23/2012,21380.99023
2/24/2012,21406.85938
2/27/2012,21217.85938
2/28/2012,21568.73047
2/29/2012,21680.08008
3/1/2012,21387.96094
3/2/2012,21562.25977
3/5/2012,21265.31055
3/6/2012,20806.25
3/7/2012,20627.7793
3/8/2012,20900.73047
3/9/2012,21086
3/12/2012,21134.17969
3/13/2012,21339.69922
3/14/2012,21307.89063
3/15/2012,21353.5293
3/16/2012,21317.84961
3/20/2012,20888.24023
3/21/2012,20856.63086
3/22/2012,20901.56055
3/23/2012,20668.80078
3/26/2012,20668.85938
3/27/2012,21046.91016
3/28/2012,20885.41992
3/29/2012,20609.39063
3/30/2012,20555.58008
4/2/2012,20522.25977
4/3/2012,20790.98047
4/5/2012,20593
4/10/2012,20356.24023
4/11/2012,20140.66992
4/12/2012,20327.32031
4/13/2012,20701.03906
4/16/2012,20610.64063
4/17/2012,20562.31055
4/18/2012,20780.73047
4/19/2012,20995.00977
4/20/2012,21010.64063
4/23/2012,20624.39063
4/24/2012,20677.16016
4/25/2012,20646.28906
4/26/2012,20809.71094
4/27/2012,20741.44922
4/30/2012,21094.21094
5/2/2012,21309.08008
5/3/2012,21249.5293
5/4/2012,21086
5/7/2012,20536.65039
5/8/2012,20484.75
5/9/2012,20330.64063
5/10/2012,20227.2793
5/11/2012,19964.63086
5/14/2012,19735.03906
5/15/2012,19894.31055
5/16/2012,19259.83008
5/17/2012,19200.92969
5/18/2012,18951.84961
5/21/2012,18922.32031
5/22/2012,19039.15039
5/23/2012,18786.18945
5/24/2012,18666.40039
5/25/2012,18713.41016
5/28/2012,18800.99023
5/29/2012,19055.46094
5/30/2012,18690.2207
5/31/2012,18629.51953
6/1/2012,18558.33984
6/4/2012,18185.58984
6/5/2012,18259.0293
6/6/2012,18520.5293
6/7/2012,18678.28906
6/8/2012,18502.33984
6/11/2012,18953.63086
6/12/2012,18872.56055
6/13/2012,19026.51953
6/14/2012,18808.40039
6/15/2012,19233.93945
6/18/2012,19427.81055
6/19/2012,19416.66992
6/20/2012,19518.84961
6/21/2012,19265.07031
6/22/2012,18995.13086
6/25/2012,18897.44922
6/26/2012,18981.83984
6/27/2012,19176.94922
6/28/2012,19025.26953
6/29/2012,19441.46094
7/3/2012,19735.5293
7/4/2012,19709.75
7/5/2012,19809.13086
7/6/2012,19800.64063
7/9/2012,19428.08984
7/10/2012,19396.35938
7/11/2012,19419.86914
7/12/2012,19025.10938
7/13/2012,19092.63086
7/16/2012,19121.33984
7/17/2012,19455.33008
7/18/2012,19239.88086
7/19/2012,19559.05078
7/20/2012,19640.80078
7/23/2012,19053.4707
7/24/2012,18903.19922
7/25/2012,18877.33008
7/26/2012,18892.78906
7/27/2012,19274.96094
7/30/2012,19585.40039
7/31/2012,19796.81055
8/1/2012,19820.38086
8/2/2012,19690.19922
8/3/2012,19666.17969
8/6/2012,19998.7207
8/7/2012,20072.55078
8/8/2012,20065.51953
8/9/2012,20269.4707
8/10/2012,20136.11914
8/13/2012,20081.35938
8/14/2012,20291.67969
8/15/2012,20052.28906
8/16/2012,19962.94922
8/17/2012,20116.07031
8/20/2012,20104.26953
8/21/2012,20100.08984
8/22/2012,19887.7793
8/23/2012,20132.24023
8/24/2012,19880.0293
8/27/2012,19798.66992
8/28/2012,19811.80078
8/29/2012,19788.50977
8/30/2012,19552.91016
8/31/2012,19482.57031
9/3/2012,19559.21094
9/4/2012,19429.91016
9/5/2012,19145.07031
9/6/2012,19209.30078
9/7/2012,19802.16016
9/10/2012,19827.16992
9/11/2012,19857.88086
9/12/2012,20075.39063
9/13/2012,20047.63086
9/14/2012,20629.7793
9/17/2012,20658.10938
9/18/2012,20601.92969
9/19/2012,20841.91016
9/20/2012,20590.91992
9/21/2012,20734.93945
9/24/2012,20694.69922
9/25/2012,20698.67969
9/26/2012,20527.73047
9/27/2012,20762.28906
9/28/2012,20840.38086
10/3/2012,20888.2793
10/4/2012,20907.94922
10/5/2012,21012.38086
10/8/2012,20824.56055
10/9/2012,20937.2793
10/10/2012,20919.59961
10/11/2012,20999.05078
10/12/2012,21136.42969
10/15/2012,21148.25
10/16/2012,21207.07031
10/17/2012,21416.64063
10/18/2012,21518.71094
10/19/2012,21551.75977
10/22/2012,21697.55078
10/24/2012,21763.7793
10/25/2012,21810.23047
10/26/2012,21545.57031
10/29/2012,21511.05078
10/30/2012,21428.58008
10/31/2012,21641.82031
11/1/2012,21821.86914
11/2/2012,22111.33008
11/5/2012,22006.40039
11/6/2012,21944.42969
11/7/2012,22099.84961
11/8/2012,21566.91016
11/9/2012,21384.38086
11/12/2012,21430.30078
11/13/2012,21188.65039
11/14/2012,21441.99023
11/15/2012,21108.92969
11/16/2012,21159.00977
11/19/2012,21262.06055
11/20/2012,21228.2793
11/21/2012,21524.35938
11/22/2012,21743.19922
11/23/2012,21913.98047
11/26/2012,21861.81055
11/27/2012,21844.0293
11/28/2012,21708.98047
11/29/2012,21922.89063
11/30/2012,22030.39063
12/3/2012,21767.84961
12/4/2012,21799.9707
12/5/2012,22270.91016
12/6/2012,22249.81055
12/7/2012,22191.16992
12/10/2012,22276.7207
12/11/2012,22323.93945
12/12/2012,22503.34961
12/13/2012,22445.58008
12/14/2012,22605.98047
12/17/2012,22513.60938
12/18/2012,22494.73047
12/19/2012,22623.36914
12/20/2012,22659.7793
12/21/2012,22506.28906
12/24/2012,22541.17969
12/27/2012,22619.7793
12/28/2012,22666.58984
12/31/2012,22656.91992
1/2/2013,23311.98047
1/3/2013,23398.59961
1/4/2013,23331.08984
1/7/2013,23329.75
1/8/2013,23111.18945
1/9/2013,23218.4707
1/10/2013,23354.31055
1/11/2013,23264.07031
1/14/2013,23413.25977
1/15/2013,23381.50977
1/16/2013,23356.99023
1/17/2013,23339.75977
1/18/2013,23601.7793
1/21/2013,23590.91016
1/22/2013,23658.99023
1/23/2013,23635.09961
1/24/2013,23598.90039
1/25/2013,23580.42969
1/28/2013,23671.88086
1/29/2013,23655.16992
1/30/2013,23822.06055
1/31/2013,23729.5293
2/1/2013,23721.83984
2/4/2013,23685.00977
2/5/2013,23148.5293
2/6/2013,23256.92969
2/7/2013,23177
2/8/2013,23215.16016
2/14/2013,23413.25
2/15/2013,23444.56055
2/18/2013,23381.93945
2/19/2013,23143.91016
2/20/2013,23307.41016
2/21/2013,22906.66992
2/22/2013,22782.43945
2/25/2013,22820.08008
2/26/2013,22519.68945
2/27/2013,22577.00977
2/28/2013,23020.26953
3/1/2013,22880.2207
3/4/2013,22537.81055
3/5/2013,22560.5
3/6/2013,22777.83984
3/7/2013,22771.43945
3/8/2013,23091.94922
3/11/2013,23090.82031
3/12/2013,22890.59961
3/13/2013,22556.65039
3/14/2013,22619.17969
3/15/2013,22533.10938
3/18/2013,22083.35938
3/19/2013,22041.85938
3/20/2013,22256.43945
3/21/2013,22225.88086
3/22/2013,22115.30078
3/25/2013,22251.15039
3/26/2013,22311.08008
3/27/2013,22464.82031
3/28/2013,22299.63086
4/2/2013,22367.82031
4/3/2013,22337.49023
4/5/2013,21726.90039
4/8/2013,21718.05078
4/9/2013,21870.33984
4/10/2013,22034.56055
4/11/2013,22101.26953
4/12/2013,22089.05078
4/15/2013,21772.66992
4/16/2013,21672.0293
4/17/2013,21569.66992
4/18/2013,21512.51953
4/19/2013,22013.57031
4/22/2013,22044.36914
4/23/2013,21806.60938
4/24/2013,22183.05078
4/25/2013,22401.24023
4/26/2013,22547.71094
4/29/2013,22580.76953
4/30/2013,22737.00977
5/2/2013,22668.30078
5/3/2013,22689.96094
5/6/2013,22915.08984
5/7/2013,23047.08984
5/8/2013,23244.34961
5/9/2013,23211.48047
5/10/2013,23321.2207
5/13/2013,22989.81055
5/14/2013,22930.2793
5/15/2013,23044.24023
5/16/2013,23082.67969
5/20/2013,23493.0293
5/21/2013,23366.36914
5/22/2013,23261.08008
5/23/2013,22669.67969
5/24/2013,22618.66992
5/27/2013,22686.05078
5/28/2013,22924.25
5/29/2013,22554.92969
5/30/2013,22484.31055
5/31/2013,22392.16016
6/3/2013,22282.18945
6/4/2013,22285.51953
6/5/2013,22069.24023
6/6/2013,21838.42969
6/7/2013,21575.25977
6/10/2013,21615.08984
6/11/2013,21354.66016
6/13/2013,20887.03906
6/14/2013,20969.14063
6/17/2013,21225.90039
6/18/2013,21225.88086
6/19/2013,20986.89063
6/20/2013,20382.86914
6/21/2013,20263.31055
6/24/2013,19813.98047
6/25/2013,19855.7207
6/26/2013,20338.55078
6/27/2013,20440.08008
6/28/2013,20803.28906
7/2/2013,20658.65039
7/3/2013,20147.31055
7/4/2013,20468.66992
7/5/2013,20854.66992
7/8/2013,20582.18945
7/9/2013,20683.00977
7/10/2013,20904.56055
7/11/2013,21437.49023
7/12/2013,21277.2793
7/15/2013,21303.31055
7/16/2013,21312.38086
7/17/2013,21371.86914
7/18/2013,21345.2207
7/19/2013,21362.41992
7/22/2013,21416.5
7/23/2013,21915.41992
7/24/2013,21968.92969
7/25/2013,21900.96094
7/26/2013,21968.94922
7/29/2013,21850.15039
7/30/2013,21953.96094
7/31/2013,21883.66016
8/1/2013,22088.78906
8/2/2013,22190.9707
8/5/2013,22222.00977
8/6/2013,21923.69922
8/7/2013,21588.83984
8/8/2013,21655.88086
8/9/2013,21807.56055
8/12/2013,22271.2793
8/13/2013,22541.13086
8/14/2013,null
8/15/2013,22539.25
8/16/2013,22517.81055
8/19/2013,22463.69922
8/20/2013,21970.28906
8/21/2013,21817.73047
8/22/2013,21895.40039
8/23/2013,21863.50977
8/26/2013,22005.32031
8/27/2013,21874.76953
8/28/2013,21524.65039
8/29/2013,21704.7793
8/30/2013,21731.36914
9/2/2013,22175.33984
9/3/2013,22394.58008
9/4/2013,22326.2207
9/5/2013,22597.9707
9/6/2013,22621.2207
9/9/2013,22750.65039
9/10/2013,22976.65039
9/11/2013,22937.14063
9/12/2013,22953.7207
9/13/2013,22915.2793
9/16/2013,23252.41016
9/17/2013,23180.51953
9/18/2013,23117.44922
9/19/2013,23502.50977
9/23/2013,23371.53906
9/24/2013,23179.03906
9/25/2013,23209.63086
9/26/2013,23125.0293
9/27/2013,23207.03906
9/30/2013,22859.85938
10/2/2013,22984.48047
10/3/2013,23214.40039
10/4/2013,23138.53906
10/7/2013,22973.94922
10/8/2013,23178.84961
10/9/2013,23033.9707
10/10/2013,22951.30078
10/11/2013,23218.32031
10/15/2013,23336.51953
10/16/2013,23228.33008
10/17/2013,23094.88086
10/18/2013,23340.09961
10/21/2013,23438.15039
10/22/2013,23315.99023
10/23/2013,22999.94922
10/24/2013,22835.82031
10/25/2013,22698.33984
10/28/2013,22806.58008
10/29/2013,22846.53906
10/30/2013,23304.01953
10/31/2013,23206.36914
11/1/2013,23249.78906
11/4/2013,23189.61914
11/5/2013,23038.94922
11/6/2013,23036.93945
11/7/2013,22881.0293
11/8/2013,22744.39063
11/11/2013,23069.84961
11/12/2013,22901.41016
11/13/2013,22463.83008
11/14/2013,22649.15039
11/15/2013,23032.15039
11/18/2013,23660.06055
11/19/2013,23657.81055
11/20/2013,23700.85938
11/21/2013,23580.28906
11/22/2013,23696.2793
11/25/2013,23684.44922
11/26/2013,23681.2793
11/27/2013,23806.34961
11/28/2013,23789.08984
11/29/2013,23881.28906
12/2/2013,24038.55078
12/3/2013,23910.4707
12/4/2013,23728.69922
12/5/2013,23712.57031
12/6/2013,23743.09961
12/9/2013,23811.16992
12/10/2013,23744.18945
12/11/2013,23338.24023
12/12/2013,23218.11914
12/13/2013,23245.96094
12/16/2013,23114.66016
12/17/2013,23069.23047
12/18/2013,23143.82031
12/19/2013,22888.75
12/20/2013,22812.17969
12/23/2013,22921.56055
12/24/2013,23179.55078
12/27/2013,23243.24023
12/30/2013,23244.86914
12/31/2013,23306.39063
1/2/2014,23340.05078
1/3/2014,22817.2793
1/6/2014,22684.15039
1/7/2014,22712.7793
1/8/2014,22996.58984
1/9/2014,22787.33008
1/10/2014,22846.25
1/13/2014,22888.75977
1/14/2014,22791.2793
1/15/2014,22902
1/16/2014,22986.41016
1/17/2014,23133.34961
1/20/2014,22928.94922
1/21/2014,23033.11914
1/22/2014,23082.25
1/23/2014,22733.90039
1/24/2014,22450.06055
1/27/2014,21976.09961
1/28/2014,21960.64063
1/29/2014,22141.60938
1/30/2014,22035.41992
2/4/2014,21397.76953
2/5/2014,21269.38086
2/6/2014,21423.13086
2/7/2014,21636.84961
2/10/2014,21579.25977
2/11/2014,21962.98047
2/12/2014,22285.78906
2/13/2014,22165.5293
2/14/2014,22298.41016
2/17/2014,22535.93945
2/18/2014,22587.7207
2/19/2014,22664.51953
2/20/2014,22394.08008
2/21/2014,22568.24023
2/24/2014,22388.56055
2/25/2014,22317.19922
2/26/2014,22437.43945
2/27/2014,22828.17969
2/28/2014,22836.96094
3/3/2014,22500.66992
3/4/2014,22657.63086
3/5/2014,22579.7793
3/6/2014,22702.9707
3/7/2014,22660.49023
3/10/2014,22264.92969
3/11/2014,22269.60938
3/12/2014,21901.94922
3/13/2014,21756.08008
3/14/2014,21539.49023
3/17/2014,21473.94922
3/18/2014,21583.5
3/19/2014,21568.68945
3/20/2014,21182.16016
3/21/2014,21436.69922
3/24/2014,21846.44922
3/25/2014,21732.32031
3/26/2014,21887.75
3/27/2014,21834.44922
3/28/2014,22065.5293
3/31/2014,22151.06055
4/1/2014,22448.53906
4/2/2014,22523.93945
4/3/2014,22565.08008
4/4/2014,22510.08008
4/7/2014,22377.15039
4/8/2014,22596.9707
4/9/2014,22843.16992
4/10/2014,23186.96094
4/11/2014,23003.64063
4/14/2014,23038.80078
4/15/2014,22671.25977
4/16/2014,22696.00977
4/17/2014,22760.24023
4/22/2014,22730.67969
4/23/2014,22509.64063
4/24/2014,22562.80078
4/25/2014,22223.5293
4/28/2014,22132.5293
4/29/2014,22453.89063
4/30/2014,22133.9707
5/2/2014,22260.66992
5/5/2014,21976.33008
5/7/2014,21746.25977
5/8/2014,21837.11914
5/9/2014,21862.99023
5/12/2014,22261.60938
5/13/2014,22352.38086
5/14/2014,22582.76953
5/15/2014,22730.85938
5/16/2014,22712.91016
5/19/2014,22704.5
5/20/2014,22834.67969
5/21/2014,22836.51953
5/22/2014,22953.75977
5/23/2014,22965.85938
5/26/2014,22963.17969
5/27/2014,22944.30078
5/28/2014,23080.0293
5/29/2014,23010.14063
5/30/2014,23081.65039
6/3/2014,23291.03906
6/4/2014,23151.71094
6/5/2014,23109.66016
6/6/2014,22951
6/9/2014,23117.4707
6/10/2014,23315.74023
6/11/2014,23257.28906
6/12/2014,23175.01953
6/13/2014,23319.16992
6/16/2014,23300.66992
6/17/2014,23203.58984
6/18/2014,23181.7207
6/19/2014,23167.73047
6/20/2014,23194.06055
6/23/2014,22804.81055
6/24/2014,22880.64063
6/25/2014,22866.69922
6/26/2014,23197.83008
6/27/2014,23221.51953
6/30/2014,23190.7207
7/2/2014,23549.61914
7/3/2014,23531.43945
7/4/2014,23546.35938
7/7/2014,23540.91992
7/8/2014,23541.38086
7/9/2014,23176.07031
7/10/2014,23238.99023
7/11/2014,23233.44922
7/14/2014,23346.66992
7/15/2014,23459.96094
7/16/2014,23523.2793
7/17/2014,23520.86914
7/18/2014,23454.78906
7/21/2014,23387.14063
7/22/2014,23782.10938
7/23/2014,23971.86914
7/24/2014,24141.5
7/25/2014,24216.00977
7/28/2014,24428.63086
7/29/2014,24640.5293
7/30/2014,24732.21094
7/31/2014,24756.84961
8/1/2014,24532.42969
8/4/2014,24600.08008
8/5/2014,24648.25977
8/6/2014,24584.13086
8/7/2014,24387.56055
8/8/2014,24331.41016
8/11/2014,24646.01953
8/12/2014,24689.41016
8/13/2014,24890.33984
8/14/2014,24801.35938
8/15/2014,24954.93945
8/18/2014,24955.46094
8/19/2014,25122.94922
8/20/2014,25159.75977
8/21/2014,24994.09961
8/22/2014,25112.23047
8/25/2014,25166.91016
8/26/2014,25074.5
8/27/2014,24918.75
8/28/2014,24741
8/29/2014,24742.06055
9/1/2014,24752.08984
9/2/2014,24749.01953
9/3/2014,25317.94922
9/4/2014,25297.91992
9/5/2014,25240.15039
9/8/2014,25190.44922
9/10/2014,24705.35938
9/11/2014,24662.64063
9/12/2014,24595.32031
9/15/2014,24356.99023
9/16/2014,24136.00977
9/17/2014,24376.41016
9/18/2014,24168.7207
9/19/2014,24306.16016
9/22/2014,23955.49023
9/23/2014,23837.07031
9/24/2014,23921.60938
9/25/2014,23768.13086
9/26/2014,23678.41016
9/29/2014,23229.21094
9/30/2014,22932.98047
10/3/2014,23064.56055
10/6/2014,23315.03906
10/7/2014,23422.51953
10/8/2014,23263.33008
10/9/2014,23534.5293
10/10/2014,23088.53906
10/13/2014,23143.38086
10/14/2014,23047.9707
10/15/2014,23140.05078
10/16/2014,22900.93945
10/17/2014,23023.21094
10/20/2014,23070.25977
10/21/2014,23088.58008
10/22/2014,23403.9707
10/23/2014,23333.17969
10/24/2014,23302.19922
10/27/2014,23143.23047
10/28/2014,23520.35938
10/29/2014,23819.86914
10/30/2014,23702.03906
10/31/2014,23998.06055
11/3/2014,23915.9707
11/4/2014,23845.66016
11/5/2014,23695.61914
11/6/2014,23649.31055
11/7/2014,23550.24023
11/10/2014,23744.69922
11/11/2014,23808.2793
11/12/2014,23938.17969
11/13/2014,24019.93945
11/14/2014,24087.38086
11/17/2014,23797.08008
11/18/2014,23529.16992
11/19/2014,23373.31055
11/20/2014,23349.64063
11/21/2014,23437.11914
11/24/2014,23893.14063
11/25/2014,23843.91016
11/26/2014,24111.98047
11/27/2014,24004.2793
11/28/2014,23987.44922
12/1/2014,23367.44922
12/2/2014,23654.30078
12/3/2014,23428.61914
12/4/2014,23832.56055
12/5/2014,24002.64063
12/8/2014,24047.66992
12/9/2014,23485.83008
12/10/2014,23524.51953
12/11/2014,23312.53906
12/12/2014,23249.19922
12/15/2014,23027.84961
12/16/2014,22670.5
12/17/2014,22585.83984
12/18/2014,22832.21094
12/19/2014,23116.63086
12/22/2014,23408.57031
12/23/2014,23333.68945
12/24/2014,23349.33984
12/29/2014,23773.17969
12/30/2014,23501.09961
12/31/2014,23605.03906
1/2/2015,23721.30078
1/5/2015,23721.32031
1/6/2015,23485.41016
1/7/2015,23681.25977
1/8/2015,23835.5293
1/9/2015,23919.94922
1/12/2015,24026.46094
1/13/2015,24215.9707
1/14/2015,24112.59961
1/15/2015,24350.91016
1/16/2015,24103.51953
1/19/2015,23738.49023
1/20/2015,23951.16016
1/21/2015,24352.58008
1/22/2015,24522.63086
1/23/2015,24850.44922
1/26/2015,24909.90039
1/27/2015,24807.2793
1/28/2015,24861.81055
1/29/2015,24595.84961
1/30/2015,24507.05078
2/2/2015,24484.74023
2/3/2015,24554.7793
2/4/2015,24679.75977
2/5/2015,24765.49023
2/6/2015,24679.39063
2/9/2015,24521
2/10/2015,24528.09961
2/11/2015,24315.01953
2/12/2015,24422.15039
2/13/2015,24682.53906
2/16/2015,24726.5293
2/17/2015,24784.88086
2/18/2015,24832.08008
2/23/2015,24836.75977
2/24/2015,24750.07031
2/25/2015,24778.2793
2/26/2015,24902.06055
2/27/2015,24823.28906
3/2/2015,24887.43945
3/3/2015,24702.7793
3/4/2015,24465.38086
3/5/2015,24193.03906
3/6/2015,24164
3/9/2015,24123.05078
3/10/2015,23896.98047
3/11/2015,23717.9707
3/12/2015,23797.96094
3/13/2015,23823.21094
3/16/2015,23949.55078
3/17/2015,23901.49023
3/18/2015,24120.08008
3/19/2015,24468.89063
3/20/2015,24375.24023
3/23/2015,24494.50977
3/24/2015,24399.59961
3/25/2015,24528.23047
3/26/2015,24497.08008
3/27/2015,24486.19922
3/30/2015,24855.11914
3/31/2015,24900.89063
4/1/2015,25082.75
4/2/2015,25275.64063
4/8/2015,26236.85938
4/9/2015,26944.39063
4/10/2015,27272.39063
4/13/2015,28016.33984
4/14/2015,27561.49023
4/15/2015,27618.82031
4/16/2015,27739.71094
4/17/2015,27653.11914
4/20/2015,27094.92969
4/21/2015,27850.49023
4/22/2015,27933.84961
4/23/2015,27827.69922
4/24/2015,28060.98047
4/27/2015,28433.58984
4/28/2015,28442.75
4/29/2015,28400.33984
4/30/2015,28133
5/4/2015,28123.82031
5/5/2015,27755.53906
5/6/2015,27640.91016
5/7/2015,27289.9707
5/8/2015,27577.33984
5/11/2015,27718.19922
5/12/2015,27407.17969
5/13/2015,27249.2793
5/14/2015,27286.55078
5/15/2015,27822.2793
5/18/2015,27591.25
5/19/2015,27693.53906
5/20/2015,27585.05078
5/21/2015,27523.7207
5/22/2015,27992.83008
5/26/2015,28249.85938
5/27/2015,28081.21094
5/28/2015,27454.31055
5/29/2015,27424.18945
6/1/2015,27597.16016
6/2/2015,27466.7207
6/3/2015,27657.4707
6/4/2015,27551.89063
6/5/2015,27260.16016
6/8/2015,27316.2793
6/9/2015,26989.51953
6/10/2015,26687.64063
6/11/2015,26907.84961
6/12/2015,27280.53906
6/15/2015,26861.81055
6/16/2015,26566.69922
6/17/2015,26753.78906
6/18/2015,26694.66016
6/19/2015,26760.5293
6/22/2015,27080.84961
6/23/2015,27333.46094
6/24/2015,27404.9707
6/25/2015,27145.75
6/26/2015,26663.86914
6/29/2015,25966.98047
6/30/2015,26250.0293
7/2/2015,26282.32031
7/3/2015,26064.10938
7/6/2015,25236.2793
7/7/2015,24975.31055
7/8/2015,23516.56055
7/9/2015,24392.78906
7/10/2015,24901.2793
7/13/2015,25224.00977
7/14/2015,25120.91016
7/15/2015,25055.75977
7/16/2015,25162.7793
7/17/2015,25415.26953
7/20/2015,25404.81055
7/21/2015,25536.42969
7/22/2015,25282.61914
7/23/2015,25398.84961
7/24/2015,25128.50977
7/27/2015,24351.96094
7/28/2015,24503.93945
7/29/2015,24619.44922
7/30/2015,24497.98047
7/31/2015,24636.2793
8/3/2015,24411.41992
8/4/2015,24406.11914
8/5/2015,24514.16016
8/6/2015,24375.2793
8/7/2015,24552.4707
8/10/2015,24521.11914
8/11/2015,24498.21094
8/12/2015,23916.01953
8/13/2015,24018.80078
8/14/2015,23991.0293
8/17/2015,23814.65039
8/18/2015,23474.9707
8/19/2015,23167.84961
8/20/2015,22757.4707
8/21/2015,22409.61914
8/24/2015,21251.57031
8/25/2015,21404.96094
8/26/2015,21080.39063
8/27/2015,21838.53906
8/28/2015,21612.39063
8/31/2015,21670.58008
9/1/2015,21185.42969
9/2/2015,20934.93945
9/4/2015,20840.60938
9/7/2015,20583.51953
9/8/2015,21259.03906
9/9/2015,22131.31055
9/10/2015,21562.5
9/11/2015,21504.36914
9/14/2015,21561.90039
9/15/2015,21455.23047
9/16/2015,21966.66016
9/17/2015,21854.63086
9/18/2015,21920.83008
9/21/2015,21756.92969
9/22/2015,21796.58008
9/23/2015,21302.91016
9/24/2015,21095.98047
9/25/2015,21186.32031
9/29/2015,20556.59961
9/30/2015,20846.30078
10/2/2015,21506.08984
10/5/2015,21854.5
10/6/2015,21831.61914
10/7/2015,22515.75977
10/8/2015,22354.91016
10/9/2015,22458.80078
10/12/2015,22730.92969
10/13/2015,22600.46094
10/14/2015,22439.91016
10/15/2015,22888.16992
10/16/2015,23067.36914
10/19/2015,23075.60938
10/20/2015,22989.2207
10/22/2015,22845.36914
10/23/2015,23151.93945
10/26/2015,23116.25
10/27/2015,23142.73047
10/28/2015,22956.57031
10/29/2015,22819.93945
10/30/2015,22640.03906
11/2/2015,22370.03906
11/3/2015,22568.42969
11/4/2015,23053.57031
11/5/2015,23051.03906
11/6/2015,22867.33008
11/9/2015,22726.76953
11/10/2015,22401.69922
11/11/2015,22352.16992
11/12/2015,22888.91992
11/13/2015,22396.14063
11/16/2015,22010.82031
11/17/2015,22264.25
11/18/2015,22188.25977
11/19/2015,22500.2207
11/20/2015,22754.7207
11/23/2015,22665.90039
11/24/2015,22587.63086
11/25/2015,22498
11/26/2015,22488.93945
11/27/2015,22068.32031
11/30/2015,21996.41992
12/1/2015,22381.34961
12/2/2015,22479.68945
12/3/2015,22417.00977
12/4/2015,22235.89063
12/7/2015,22203.2207
12/8/2015,21905.13086
12/9/2015,21803.75977
12/10/2015,21704.60938
12/11/2015,21464.05078
12/14/2015,21309.84961
12/15/2015,21274.36914
12/16/2015,21701.21094
12/17/2015,21872.06055
12/18/2015,21755.56055
12/21/2015,21791.67969
12/22/2015,21830.01953
12/23/2015,22040.58984
12/24/2015,22138.13086
12/28/2015,21919.61914
12/29/2015,21999.61914
12/30/2015,21882.15039
12/31/2015,21914.40039
1/4/2016,21327.11914
1/5/2016,21188.7207
1/6/2016,20980.81055
1/7/2016,20333.33984
1/8/2016,20453.71094
1/11/2016,19888.5
1/12/2016,19711.75977
1/13/2016,19934.88086
1/14/2016,19817.41016
1/15/2016,19520.76953
1/18/2016,19237.44922
1/19/2016,19635.81055
1/20/2016,18886.30078
1/21/2016,18542.15039
1/22/2016,19080.50977
1/25/2016,19340.14063
1/26/2016,18860.80078
1/27/2016,19052.44922
1/28/2016,19195.83008
1/29/2016,19683.10938
2/1/2016,19595.5
2/2/2016,19446.83984
2/3/2016,18991.58984
2/4/2016,19183.08984
2/5/2016,19288.16992
2/11/2016,18545.80078
2/12/2016,18319.58008
2/15/2016,18918.14063
2/16/2016,19122.08008
2/17/2016,18924.57031
2/18/2016,19363.08008
2/19/2016,19285.5
2/22/2016,19464.08984
2/23/2016,19414.7793
2/24/2016,19192.44922
2/25/2016,18888.75
2/26/2016,19364.15039
2/29/2016,19111.92969
3/1/2016,19407.46094
3/2/2016,20003.49023
3/3/2016,19941.75977
3/4/2016,20176.69922
3/7/2016,20159.7207
3/8/2016,20011.58008
3/9/2016,19996.25977
3/10/2016,19984.41992
3/11/2016,20199.59961
3/14/2016,20435.33984
3/15/2016,20288.76953
3/16/2016,20257.69922
3/17/2016,20503.81055
3/18/2016,20671.63086
3/21/2016,20684.15039
3/22/2016,20666.75
3/23/2016,20615.23047
3/24/2016,20345.60938
3/29/2016,20366.30078
3/30/2016,20803.39063
3/31/2016,20776.69922
4/1/2016,20498.91992
4/5/2016,20177
4/6/2016,20206.66992
4/7/2016,20266.05078
4/8/2016,20370.40039
4/11/2016,20440.81055
4/12/2016,20504.43945
4/13/2016,21158.71094
4/14/2016,21337.81055
4/15/2016,21316.4707
4/18/2016,21161.5
4/19/2016,21436.21094
4/20/2016,21236.31055
4/21/2016,21622.25
4/22/2016,21467.03906
4/25/2016,21304.43945
4/26/2016,21407.26953
4/27/2016,21361.59961
4/28/2016,21388.0293
4/29/2016,21067.05078
5/3/2016,20676.93945
5/4/2016,20525.83008
5/5/2016,20449.82031
5/6/2016,20109.86914
5/9/2016,20156.81055
5/10/2016,20242.67969
5/11/2016,20055.28906
5/12/2016,19915.46094
5/13/2016,19719.28906
5/16/2016,19883.94922
5/17/2016,20118.80078
5/18/2016,19826.41016
5/19/2016,19694.33008
5/20/2016,19852.19922
5/23/2016,19809.0293
5/24/2016,19830.42969
5/25/2016,20368.05078
5/26/2016,20397.10938
5/27/2016,20576.76953
5/30/2016,20629.39063
5/31/2016,20815.08984
6/1/2016,20760.98047
6/2/2016,20859.2207
6/3/2016,20947.24023
6/6/2016,21030.2207
6/7/2016,21328.24023
6/8/2016,21297.88086
6/10/2016,21042.64063
6/13/2016,20512.99023
6/14/2016,20387.5293
6/15/2016,20467.51953
6/16/2016,20038.41992
6/17/2016,20169.98047
6/20/2016,20510.19922
6/21/2016,20668.43945
6/22/2016,20795.11914
6/23/2016,20868.33984
6/24/2016,20259.13086
6/27/2016,20227.30078
6/28/2016,20172.46094
6/29/2016,20436.11914
6/30/2016,20794.36914
7/4/2016,21059.19922
7/5/2016,20750.7207
7/6/2016,20495.28906
7/7/2016,20706.91992
7/8/2016,20564.16992
7/11/2016,20880.5
7/12/2016,21224.74023
7/13/2016,21322.36914
7/14/2016,21561.06055
7/15/2016,21659.25
7/18/2016,21803.17969
7/19/2016,21673.19922
7/20/2016,21882.48047
7/21/2016,22000.49023
7/22/2016,21964.26953
7/25/2016,21993.43945
7/26/2016,22129.73047
7/27/2016,22218.99023
7/28/2016,22174.33984
7/29/2016,21891.36914
8/1/2016,22129.14063
8/2/2016,null
8/3/2016,21739.11914
8/4/2016,21832.23047
8/5/2016,22146.08984
8/8/2016,22494.75977
8/9/2016,22465.60938
8/10/2016,22492.42969
8/11/2016,22580.55078
8/12/2016,22766.91016
8/15/2016,22932.50977
8/16/2016,22910.83984
8/17/2016,22799.7793
8/18/2016,23023.16016
8/19/2016,22937.2207
8/22/2016,22997.91016
8/23/2016,22998.92969
8/24/2016,22820.7793
8/25/2016,22814.94922
8/26/2016,22909.53906
8/29/2016,22821.33984
8/30/2016,23016.10938
8/31/2016,22976.88086
9/1/2016,23162.33984
9/2/2016,23266.69922
9/5/2016,23649.55078
9/6/2016,23787.67969
9/7/2016,23741.81055
9/8/2016,23919.33984
9/9/2016,24099.69922
9/12/2016,23290.59961
9/13/2016,23215.75977
9/14/2016,23190.64063
9/15/2016,23335.58984
9/19/2016,23550.44922
9/20/2016,23530.85938
9/21/2016,23669.90039
9/22/2016,23759.80078
9/23/2016,23686.48047
9/26/2016,23317.91992
9/27/2016,23571.90039
9/28/2016,23619.65039
9/29/2016,23739.4707
9/30/2016,23297.15039
10/3/2016,23584.42969
10/4/2016,23689.43945
10/5/2016,23788.31055
10/6/2016,23952.5
10/7/2016,23851.82031
10/11/2016,23549.51953
10/12/2016,23407.05078
10/13/2016,23031.30078
10/14/2016,23233.31055
10/17/2016,23037.53906
10/18/2016,23394.39063
10/19/2016,23304.9707
10/20/2016,23374.40039
10/21/2016,null
10/24/2016,23604.08008
10/25/2016,23565.10938
10/26/2016,23325.42969
10/27/2016,23132.34961
10/28/2016,22954.81055
10/31/2016,22934.53906
11/1/2016,23147.07031
11/2/2016,22810.5
11/3/2016,22683.50977
11/4/2016,22642.61914
11/7/2016,22801.40039
11/8/2016,22909.4707
11/9/2016,22415.18945
11/10/2016,22839.10938
11/11/2016,22531.08984
11/14/2016,22222.2207
11/15/2016,22323.91016
11/16/2016,22280.5293
11/17/2016,22262.88086
11/18/2016,22344.21094
11/21/2016,22357.7793
11/22/2016,22678.07031
11/23/2016,22676.68945
11/24/2016,22608.49023
11/25/2016,22723.44922
11/28/2016,22830.57031
11/29/2016,22737.07031
11/30/2016,22789.76953
12/1/2016,22878.23047
12/2/2016,22564.82031
12/5/2016,22505.55078
12/6/2016,22675.15039
12/7/2016,22800.91992
12/8/2016,22861.83984
12/9/2016,22760.98047
12/12/2016,22433.01953
12/13/2016,22446.69922
12/14/2016,22456.61914
12/15/2016,22059.40039
12/16/2016,22020.75
12/19/2016,21832.67969
12/20/2016,21729.06055
12/21/2016,21809.80078
12/22/2016,21636.19922
12/23/2016,21574.75977
12/28/2016,21754.74023
12/29/2016,21790.91016
12/30/2016,22000.56055
1/3/2017,22150.40039
1/4/2017,22134.4707
1/5/2017,22456.68945
1/6/2017,22503.00977
1/9/2017,22558.68945
1/10/2017,22744.84961
1/11/2017,22935.34961
1/12/2017,22829.01953
1/13/2017,22937.38086
1/16/2017,22718.15039
1/17/2017,22840.9707
1/18/2017,23098.25977
1/19/2017,23049.96094
1/20/2017,22885.91016
1/23/2017,22898.51953
1/24/2017,22949.85938
1/25/2017,23049.11914
1/26/2017,23374.16992
1/27/2017,23360.7793
2/1/2017,23318.39063
2/2/2017,23184.51953
2/3/2017,23129.21094
2/6/2017,23348.24023
2/7/2017,23331.57031
2/8/2017,23485.13086
2/9/2017,23525.14063
2/10/2017,23574.98047
2/13/2017,23710.98047
2/14/2017,23703.00977
2/15/2017,23994.86914
2/16/2017,24107.69922
2/17/2017,24033.74023
2/20/2017,24146.08008
2/21/2017,23963.63086
2/22/2017,24201.96094
2/23/2017,24114.85938
2/24/2017,23965.69922
2/27/2017,23925.05078
2/28/2017,23740.73047
3/1/2017,23776.49023
3/2/2017,23728.07031
3/3/2017,23552.7207
3/6/2017,23596.2793
3/7/2017,23681.07031
3/8/2017,23782.26953
3/9/2017,23501.56055
3/10/2017,23568.66992
3/13/2017,23829.66992
3/14/2017,23827.94922
3/15/2017,23792.84961
3/16/2017,24288.2793
3/17/2017,24309.92969
3/20/2017,24501.99023
3/21/2017,24593.11914
3/22/2017,24320.41016
3/23/2017,24327.69922
3/24/2017,24358.26953
3/27/2017,24193.69922
3/28/2017,24345.86914
3/29/2017,24392.05078
3/30/2017,24301.08984
3/31/2017,24111.58984
4/3/2017,24261.48047
4/5/2017,24400.80078
4/6/2017,24273.7207
4/7/2017,24267.30078
4/10/2017,24262.17969
4/11/2017,24088.46094
4/12/2017,24313.5
4/13/2017,24261.66016
4/18/2017,23924.53906
4/19/2017,23825.88086
4/20/2017,24056.98047
4/21/2017,24042.01953
4/24/2017,24139.48047
4/25/2017,24455.93945
4/26/2017,24578.42969
4/27/2017,24698.48047
4/28/2017,24615.13086
5/2/2017,24696.13086
5/4/2017,24683.88086
5/5/2017,24476.34961
5/8/2017,24577.91016
5/9/2017,24889.0293
5/10/2017,25015.41992
5/11/2017,25125.55078
5/12/2017,25156.33984
5/15/2017,25371.58984
5/16/2017,25335.93945
5/17/2017,25293.63086
5/18/2017,25136.51953
5/19/2017,25174.86914
5/22/2017,25391.33984
5/23/2017,25403.15039
5/24/2017,25428.5
5/25/2017,25630.7793
5/26/2017,25639.26953
5/29/2017,25701.63086
5/31/2017,25660.65039
6/1/2017,25809.2207
6/2/2017,25924.05078
6/5/2017,25862.99023
6/6/2017,25997.14063
6/7/2017,25974.16016
6/8/2017,26063.06055
6/9/2017,26030.28906
6/12/2017,25708.03906
6/13/2017,25852.09961
6/14/2017,25875.90039
6/15/2017,25565.33984
6/16/2017,25626.49023
6/19/2017,25924.55078
6/20/2017,25843.03906
6/21/2017,25694.58008
6/22/2017,25674.5293
6/23/2017,25670.05078
6/26/2017,25871.89063
6/27/2017,25839.99023
6/28/2017,25683.5
6/29/2017,25965.41992
6/30/2017,25764.58008
7/3/2017,25784.16992
7/4/2017,25389.00977
7/5/2017,25521.9707
7/6/2017,25465.2207
7/7/2017,25340.84961
7/10/2017,25500.06055
7/11/2017,25877.64063
7/12/2017,26043.64063
7/13/2017,26346.16992
7/14/2017,26389.23047
7/17/2017,26470.58008
7/18/2017,26524.93945
7/19/2017,26672.16016
7/20/2017,26740.21094
7/21/2017,26706.08984
7/24/2017,26846.83008
7/25/2017,26852.05078
7/26/2017,26941.01953
7/27/2017,27131.16992
7/28/2017,26979.39063
7/31/2017,27323.99023
8/1/2017,27540.23047
8/2/2017,27607.38086
8/3/2017,27531.00977
8/4/2017,27562.67969
8/7/2017,27690.35938
8/8/2017,27854.91016
8/9/2017,27757.08984
8/10/2017,27444
8/11/2017,26883.50977
8/14/2017,27250.23047
8/15/2017,27174.96094
8/16/2017,27409.07031
8/17/2017,27344.2207
8/18/2017,27047.57031
8/21/2017,27154.67969
8/22/2017,27401.66992
8/23/2017,null
8/24/2017,27518.59961
8/25/2017,27848.16016
8/28/2017,27863.28906
8/29/2017,27765.00977
8/30/2017,28094.60938
8/31/2017,27970.30078
9/1/2017,27953.16016
9/4/2017,27740.25977
9/5/2017,27741.34961
9/6/2017,27613.75977
9/7/2017,27522.91992
9/8/2017,27668.4707
9/11/2017,27955.13086
9/12/2017,27972.24023
9/13/2017,27894.08008
9/14/2017,27777.19922
9/15/2017,27807.58984
9/18/2017,28159.76953
9/19/2017,28051.41016
9/20/2017,28127.80078
9/21/2017,28110.33008
9/22/2017,27880.5293
9/25/2017,27500.33984
9/26/2017,27513.00977
9/27/2017,27642.42969
9/28/2017,27421.59961
9/29/2017,27554.30078
10/3/2017,28173.21094
10/4/2017,28379.17969
10/6/2017,28458.03906
10/9/2017,28326.58984
10/10/2017,28490.83008
10/11/2017,28389.57031
10/12/2017,28459.0293
10/13/2017,28476.42969
10/16/2017,28692.80078
10/17/2017,28697.49023
10/18/2017,28711.75977
10/19/2017,28159.08984
10/20/2017,28487.24023
10/23/2017,28305.88086
10/24/2017,28154.9707
10/25/2017,28302.89063
10/26/2017,28202.38086
10/27/2017,28438.84961
10/30/2017,28336.18945
10/31/2017,28245.53906
11/1/2017,28594.06055
11/2/2017,28518.64063
11/3/2017,28603.60938
11/6/2017,28596.80078
11/7/2017,28994.33984
11/8/2017,28907.59961
11/9/2017,29136.57031
11/10/2017,29120.91992
11/13/2017,29182.17969
11/14/2017,29152.11914
11/15/2017,28851.68945
11/16/2017,29018.75977
11/17/2017,29199.03906
11/20/2017,29260.31055
11/21/2017,29818.07031
11/22/2017,30003.49023
11/23/2017,29707.93945
11/24/2017,29866.32031
11/27/2017,29686.18945
11/28/2017,29680.84961
11/29/2017,29623.83008
11/30/2017,29177.34961
12/1/2017,29074.24023
12/4/2017,29138.2793
12/5/2017,28842.80078
12/6/2017,28224.80078
12/7/2017,28303.18945
12/8/2017,28639.84961
12/11/2017,28965.28906
12/12/2017,28793.88086
12/13/2017,29222.09961
12/14/2017,29166.38086
12/15/2017,28848.10938
12/18/2017,29050.41016
12/19/2017,29253.66016
12/20/2017,29234.08984
12/21/2017,29367.06055
12/22/2017,29578.00977
12/27/2017,29597.66016
12/28/2017,29863.71094
12/29/2017,29919.15039
1/2/2018,30515.31055
1/3/2018,30560.94922
1/4/2018,30736.48047
1/5/2018,30814.64063
1/8/2018,30899.5293
1/9/2018,31011.41016
1/10/2018,31073.7207
1/11/2018,31120.39063
1/12/2018,31412.53906
1/15/2018,31338.86914
1/16/2018,31904.75
1/17/2018,31983.41016
1/18/2018,32121.93945
1/19/2018,32254.89063
1/22/2018,32393.41016
1/23/2018,32930.69922
1/24/2018,32958.69141
1/25/2018,32654.44922
1/26/2018,33154.12109
1/29/2018,32966.89063
1/30/2018,32607.28906
1/31/2018,32887.26953
2/1/2018,32642.08984
2/2/2018,32601.7793
2/5/2018,32245.2207
2/6/2018,30595.41992
2/7/2018,30323.19922
2/8/2018,30451.26953
2/9/2018,29507.41992
2/12/2018,29459.63086
2/13/2018,29839.5293
2/14/2018,30515.59961
2/15/2018,31115.42969
2/20/2018,30873.63086
2/21/2018,31431.89063
2/22/2018,30965.67969
2/23/2018,31267.16992
2/26/2018,31498.59961
2/27/2018,31268.66016
2/28/2018,30844.7207
3/1/2018,31044.25
3/2/2018,30583.44922
3/5/2018,29886.39063
3/6/2018,30510.73047
3/7/2018,30196.91992
3/8/2018,30654.51953
3/9/2018,30996.21094
3/12/2018,31594.33008
3/13/2018,31601.44922
3/14/2018,31435.00977
3/15/2018,31541.09961
3/16/2018,31501.9707
3/19/2018,31513.75977
3/20/2018,31549.92969
3/21/2018,31414.51953
3/22/2018,31071.05078
3/23/2018,30309.28906
3/26/2018,30548.76953
3/27/2018,30790.83008
3/28/2018,30022.5293
3/29/2018,30093.38086
4/3/2018,30180.09961
4/4/2018,29518.68945
4/6/2018,29844.93945
4/9/2018,30229.58008
4/10/2018,30728.74023
4/11/2018,30897.71094
4/12/2018,30831.2793
4/13/2018,30808.38086
4/16/2018,30315.58984
4/17/2018,30062.75
4/18/2018,30284.25
4/19/2018,30708.43945
4/20/2018,30418.33008
4/23/2018,30254.40039
4/24/2018,30636.24023
4/25/2018,30328.15039
4/26/2018,30007.67969
4/27/2018,30280.66992
4/30/2018,30808.44922
5/2/2018,30723.88086
5/3/2018,30313.36914
5/4/2018,29926.5
5/7/2018,29994.25977
5/8/2018,30402.81055
5/9/2018,30536.14063
5/10/2018,30809.2207
5/11/2018,31122.06055
5/14/2018,31541.08008
5/15/2018,31152.0293
5/16/2018,31110.19922
5/17/2018,30942.15039
5/18/2018,31047.91016
5/21/2018,31234.34961
5/23/2018,30665.64063
5/24/2018,30760.41016
5/25/2018,30588.03906
5/28/2018,30792.25977
5/29/2018,30484.58008
5/30/2018,30056.78906
5/31/2018,30468.56055
6/1/2018,30492.91016
6/4/2018,30997.98047
6/5/2018,31093.44922
6/6/2018,31259.09961
6/7/2018,31512.63086
6/8/2018,30958.21094
6/11/2018,31063.69922
6/12/2018,31103.06055
6/13/2018,30725.15039
6/14/2018,30440.16992
6/15/2018,30309.49023
6/19/2018,29468.15039
6/20/2018,29696.16992
6/21/2018,29296.05078
6/22/2018,29338.69922
6/25/2018,28961.39063
6/26/2018,28881.40039
6/27/2018,28356.25977
6/28/2018,28497.32031
6/29/2018,28955.10938
7/3/2018,28545.57031
7/4/2018,28241.66992
7/5/2018,28182.08984
7/6/2018,28315.61914
7/9/2018,28688.5
7/10/2018,28682.25
7/11/2018,28311.68945
7/12/2018,28480.83008
7/13/2018,28525.43945
7/16/2018,28539.66016
7/17/2018,28181.67969
7/18/2018,28117.41992
7/19/2018,28010.85938
7/20/2018,28224.48047
7/23/2018,28256.11914
7/24/2018,28662.57031
7/25/2018,28920.90039
7/26/2018,28781.14063
7/27/2018,28804.2793
7/30/2018,28733.13086
7/31/2018,28583.00977
8/1/2018,28340.74023
8/2/2018,27714.56055
8/3/2018,27676.32031
8/6/2018,27819.56055
8/7/2018,28248.88086
8/8/2018,28359.14063
8/9/2018,28607.30078
8/10/2018,28366.61914
8/13/2018,27936.57031
8/14/2018,27752.92969
8/15/2018,27323.58984
8/16/2018,27100.06055
8/17/2018,27213.41016
8/20/2018,27598.01953
8/21/2018,27752.78906
8/22/2018,27927.58008
8/23/2018,27790.46094
8/24/2018,27671.86914
8/27/2018,28271.26953
8/28/2018,28351.61914
8/29/2018,28416.43945
8/30/2018,28164.05078
8/31/2018,27888.55078
9/3/2018,27712.53906
9/4/2018,27973.33984
9/5/2018,27243.84961
9/6/2018,26974.82031
9/7/2018,26973.4707
9/10/2018,26613.41992
9/11/2018,26422.55078
9/12/2018,26345.03906
9/13/2018,27014.49023
9/14/2018,27286.41016
9/17/2018,26932.84961
9/18/2018,27084.66016
9/19/2018,27407.36914
9/20/2018,27477.66992
9/21/2018,27953.58008
9/24/2018,27499.39063
9/26/2018,27816.86914
9/27/2018,27715.66992
9/28/2018,27788.51953
10/2/2018,27126.38086
10/3/2018,27091.25977
10/4/2018,26623.86914
10/5/2018,26572.57031
10/8/2018,26202.57031
10/9/2018,26172.91016
10/10/2018,26193.07031
10/11/2018,25266.36914
10/12/2018,25801.49023
10/15/2018,25445.06055
10/16/2018,25462.25977
10/18/2018,25454.55078
10/19/2018,25561.40039
10/22/2018,26153.15039
10/23/2018,25346.55078
10/24/2018,25249.7793
10/25/2018,24994.46094
10/26/2018,24717.63086
10/29/2018,24812.03906
10/30/2018,24585.5293
10/31/2018,24979.68945
11/1/2018,25416
11/2/2018,26486.34961
11/5/2018,25934.39063
11/6/2018,26120.96094
11/7/2018,26147.68945
11/8/2018,26227.7207
11/9/2018,25601.91992
11/12/2018,25633.17969
11/13/2018,25792.86914
11/14/2018,25654.42969
11/15/2018,26103.33984
11/16/2018,26183.5293
11/19/2018,26372
11/20/2018,25840.33984
11/21/2018,25971.4707
11/22/2018,26019.41016
11/23/2018,25927.67969
11/26/2018,26376.17969
11/27/2018,26331.96094
11/28/2018,26682.56055
11/29/2018,26451.0293
11/30/2018,26506.75
12/3/2018,27182.03906
12/4/2018,27260.43945
12/5/2018,26819.67969
12/6/2018,26156.38086
12/7/2018,26063.75977
12/10/2018,25752.38086
12/11/2018,25771.66992
12/12/2018,26186.71094
12/13/2018,26524.34961
12/14/2018,26094.78906
12/17/2018,26087.98047
12/18/2018,25814.25
12/19/2018,25865.39063
12/20/2018,25623.5293
12/21/2018,25753.41992
12/24/2018,25651.38086
12/27/2018,25478.88086
12/28/2018,25504.19922
12/31/2018,25845.69922
