Date,N225.Close
1/5/2009,9043.120117
1/6/2009,9080.839844
1/7/2009,9239.240234
1/8/2009,8876.419922
1/9/2009,8836.799805
1/13/2009,8413.910156
1/14/2009,8438.450195
1/15/2009,8023.310059
1/16/2009,8230.150391
1/19/2009,8256.849609
1/20/2009,8065.790039
1/21/2009,7901.640137
1/22/2009,8051.740234
1/23/2009,7745.25
1/26/2009,7682.140137
1/27/2009,8061.069824
1/28/2009,8106.290039
1/29/2009,8251.240234
1/30/2009,7994.049805
2/2/2009,7873.97998
2/3/2009,7825.509766
2/4/2009,8038.939941
2/5/2009,7949.649902
2/6/2009,8076.620117
2/9/2009,7969.029785
2/10/2009,7945.939941
2/12/2009,7705.359863
2/13/2009,7779.399902
2/16/2009,7750.169922
2/17/2009,7645.509766
2/18/2009,7534.439941
2/19/2009,7557.649902
2/20/2009,7416.379883
2/23/2009,7376.160156
2/24/2009,7268.560059
2/25/2009,7461.220215
2/26/2009,7457.930176
2/27/2009,7568.419922
3/2/2009,7280.149902
3/3/2009,7229.720215
3/4/2009,7290.959961
3/5/2009,7433.490234
3/6/2009,7173.100098
3/9/2009,7086.029785
3/10/2009,7054.97998
3/11/2009,7376.120117
3/12/2009,7198.25
3/13/2009,7569.279785
3/16/2009,7704.149902
3/17/2009,7949.129883
3/18/2009,7972.169922
3/19/2009,7945.959961
3/23/2009,8215.530273
3/24/2009,8488.299805
3/25/2009,8479.990234
3/26/2009,8636.330078
3/27/2009,8626.969727
3/30/2009,8236.080078
3/31/2009,8109.529785
4/1/2009,8351.910156
4/2/2009,8719.780273
4/3/2009,8749.839844
4/6/2009,8857.929688
4/7/2009,8832.849609
4/8/2009,8595.009766
4/9/2009,8916.05957
4/10/2009,8964.110352
4/13/2009,8924.429688
4/14/2009,8842.679688
4/15/2009,8742.959961
4/16/2009,8755.259766
4/17/2009,8907.580078
4/20/2009,8924.75
4/21/2009,8711.330078
4/22/2009,8727.299805
4/23/2009,8847.009766
4/24/2009,8707.990234
4/27/2009,8726.339844
4/28/2009,8493.769531
4/30/2009,8828.259766
5/1/2009,8977.370117
5/7/2009,9385.700195
5/8/2009,9432.830078
5/11/2009,9451.980469
5/12/2009,9298.610352
5/13/2009,9340.490234
5/14/2009,9093.730469
5/15/2009,9265.019531
5/18/2009,9038.69043
5/19/2009,9290.290039
5/20/2009,9344.639648
5/21/2009,9264.150391
5/22/2009,9225.80957
5/25/2009,9347
5/26/2009,9310.80957
5/27/2009,9438.769531
5/28/2009,9451.389648
5/29/2009,9522.5
6/1/2009,9677.75
6/2/2009,9704.30957
6/3/2009,9741.669922
6/4/2009,9668.959961
6/5/2009,9768.009766
6/8/2009,9865.629883
6/9/2009,9786.820313
6/10/2009,9991.490234
6/11/2009,9981.330078
6/12/2009,10135.82031
6/15/2009,10039.66992
6/16/2009,9752.879883
6/17/2009,9840.849609
6/18/2009,9703.719727
6/19/2009,9786.259766
6/22/2009,9826.269531
6/23/2009,9549.610352
6/24/2009,9590.320313
6/25/2009,9796.080078
6/26/2009,9877.389648
6/29/2009,9783.469727
6/30/2009,9958.44043
7/1/2009,9939.929688
7/2/2009,9876.150391
7/3/2009,9816.070313
7/6/2009,9680.870117
7/7/2009,9647.790039
7/8/2009,9420.75
7/9/2009,9291.05957
7/10/2009,9287.280273
7/13/2009,9050.330078
7/14/2009,9261.80957
7/15/2009,9269.25
7/16/2009,9344.160156
7/17/2009,9395.320313
7/21/2009,9652.019531
7/22/2009,9723.160156
7/23/2009,9792.94043
7/24/2009,9944.549805
7/27/2009,10088.66016
7/28/2009,10087.25977
7/29/2009,10113.24023
7/30/2009,10165.20996
7/31/2009,10356.83008
8/3/2009,10352.46973
8/4/2009,10375.00977
8/5/2009,10252.53027
8/6/2009,10388.08984
8/7/2009,10412.08984
8/10/2009,10524.25977
8/11/2009,10585.45996
8/12/2009,10435
8/13/2009,10517.19043
8/14/2009,10597.33008
8/17/2009,10268.61035
8/18/2009,10284.95996
8/19/2009,10204
8/20/2009,10383.41016
8/21/2009,10238.2002
8/24/2009,10581.04981
8/25/2009,10497.36035
8/26/2009,10639.70996
8/27/2009,10473.96973
8/28/2009,10534.13965
8/31/2009,10492.53027
9/2/2009,10280.45996
9/3/2009,10214.63965
9/4/2009,10187.11035
9/7/2009,10320.94043
9/8/2009,10393.23047
9/9/2009,10312.13965
9/10/2009,10513.66992
9/11/2009,10444.33008
9/14/2009,10202.05957
9/15/2009,10217.62012
9/16/2009,10270.76953
9/17/2009,10443.79981
9/18/2009,10370.54004
9/21/2009,null
9/24/2009,10544.21973
9/25/2009,10265.98047
9/28/2009,10009.51953
9/29/2009,10100.2002
9/30/2009,10133.23047
10/1/2009,9978.639648
10/2/2009,9731.870117
10/5/2009,9674.490234
10/6/2009,9691.799805
10/7/2009,9799.599609
10/8/2009,9832.469727
10/9/2009,10016.38965
10/13/2009,10076.55957
10/14/2009,10060.20996
10/15/2009,10238.65039
10/16/2009,10257.55957
10/19/2009,10236.50977
10/20/2009,10336.83984
10/21/2009,10333.38965
10/22/2009,10267.16992
10/23/2009,10282.99023
10/26/2009,10362.62012
10/27/2009,10212.45996
10/28/2009,10075.04981
10/29/2009,9891.099609
10/30/2009,10034.74023
11/2/2009,9802.950195
11/4/2009,9844.30957
11/5/2009,9717.44043
11/6/2009,9789.349609
11/9/2009,9808.990234
11/10/2009,9870.730469
11/11/2009,9871.679688
11/12/2009,9804.490234
11/13/2009,9770.30957
11/16/2009,9791.179688
11/17/2009,9729.929688
11/18/2009,9676.799805
11/19/2009,9549.469727
11/20/2009,9497.679688
11/24/2009,9401.580078
11/25/2009,9441.639648
11/26/2009,9383.240234
11/27/2009,9081.519531
11/30/2009,9345.549805
12/1/2009,9572.200195
12/2/2009,9608.94043
12/3/2009,9977.669922
12/4/2009,10022.58984
12/7/2009,10167.59961
12/8/2009,10140.46973
12/9/2009,10004.71973
12/10/2009,9862.820313
12/11/2009,10107.87012
12/14/2009,10105.67969
12/15/2009,10083.48047
12/16/2009,10177.41016
12/17/2009,10163.79981
12/18/2009,10142.04981
12/21/2009,10183.46973
12/22/2009,10378.03027
12/24/2009,10536.91992
12/25/2009,10494.70996
12/28/2009,10634.23047
12/29/2009,10638.05957
12/30/2009,10546.44043
1/4/2010,10654.79004
1/5/2010,10681.83008
1/6/2010,10731.4502
1/7/2010,10681.66016
1/8/2010,10798.32031
1/12/2010,10879.13965
1/13/2010,10735.03027
1/14/2010,10907.67969
1/15/2010,10982.09961
1/18/2010,10855.08008
1/19/2010,10764.90039
1/20/2010,10737.51953
1/21/2010,10868.41016
1/22/2010,10590.54981
1/25/2010,10512.69043
1/26/2010,10325.28027
1/27/2010,10252.08008
1/28/2010,10414.29004
1/29/2010,10198.04004
2/1/2010,10205.01953
2/2/2010,10371.08984
2/3/2010,10404.33008
2/4/2010,10355.98047
2/5/2010,10057.08984
2/8/2010,9951.820313
2/9/2010,9932.900391
2/10/2010,9963.990234
2/12/2010,10092.19043
2/15/2010,10013.29981
2/16/2010,10034.25
2/17/2010,10306.83008
2/18/2010,10335.69043
2/19/2010,10123.58008
2/22/2010,10400.46973
2/23/2010,10352.09961
2/24/2010,10198.83008
2/25/2010,10101.95996
2/26/2010,10126.03027
3/1/2010,10172.05957
3/2/2010,10221.83984
3/3/2010,10253.13965
3/4/2010,10145.71973
3/5/2010,10368.95996
3/8/2010,10585.91992
3/9/2010,10567.65039
3/10/2010,10563.91992
3/11/2010,10664.9502
3/12/2010,10751.25977
3/15/2010,10751.98047
3/16/2010,10721.70996
3/17/2010,10846.98047
3/18/2010,10744.03027
3/19/2010,10824.71973
3/23/2010,10774.15039
3/24/2010,10815.03027
3/25/2010,10828.84961
3/26/2010,10996.37012
3/29/2010,10986.46973
3/30/2010,11097.13965
3/31/2010,11089.94043
4/1/2010,11244.40039
4/2/2010,11286.08984
4/5/2010,11339.29981
4/6/2010,11282.32031
4/7/2010,11292.83008
4/8/2010,11168.2002
4/9/2010,11204.33984
4/12/2010,11251.90039
4/13/2010,11161.23047
4/14/2010,11204.90039
4/15/2010,11273.79004
4/16/2010,11102.17969
4/19/2010,10908.76953
4/20/2010,10900.67969
4/21/2010,11090.04981
4/22/2010,10949.08984
4/23/2010,10914.45996
4/26/2010,11165.79004
4/27/2010,11212.66016
4/28/2010,10924.79004
4/30/2010,11057.40039
5/6/2010,10695.69043
5/7/2010,10364.58984
5/10/2010,10530.7002
5/11/2010,10411.09961
5/12/2010,10394.03027
5/13/2010,10620.54981
5/14/2010,10462.50977
5/17/2010,10235.75977
5/18/2010,10242.63965
5/19/2010,10186.83984
5/20/2010,10030.30957
5/21/2010,9784.540039
5/24/2010,9758.400391
5/25/2010,9459.889648
5/26/2010,9522.660156
5/27/2010,9639.719727
5/28/2010,9762.980469
5/31/2010,9768.700195
6/1/2010,9711.830078
6/2/2010,9603.240234
6/3/2010,9914.19043
6/4/2010,9901.19043
6/7/2010,9520.799805
6/8/2010,9537.94043
6/9/2010,9439.129883
6/10/2010,9542.650391
6/11/2010,9705.25
6/14/2010,9879.849609
6/15/2010,9887.889648
6/16/2010,10067.15039
6/17/2010,9999.400391
6/18/2010,9995.019531
6/21/2010,10238.00977
6/22/2010,10112.88965
6/23/2010,9923.700195
6/24/2010,9928.339844
6/25/2010,9737.480469
6/28/2010,9693.94043
6/29/2010,9570.669922
6/30/2010,9382.639648
7/1/2010,9191.599609
7/2/2010,9203.709961
7/5/2010,9266.780273
7/6/2010,9338.040039
7/7/2010,9279.650391
7/8/2010,9535.740234
7/9/2010,9585.320313
7/12/2010,9548.110352
7/13/2010,9537.230469
7/14/2010,9795.240234
7/15/2010,9685.530273
7/16/2010,9408.360352
7/21/2010,9278.830078
7/22/2010,9220.879883
7/23/2010,9430.959961
7/26/2010,9503.660156
7/27/2010,9496.849609
7/28/2010,9753.269531
7/29/2010,9696.019531
7/30/2010,9537.299805
8/2/2010,9570.30957
8/3/2010,9694.009766
8/4/2010,9489.339844
8/5/2010,9653.919922
8/6/2010,9642.120117
8/9/2010,9572.490234
8/10/2010,9551.049805
8/11/2010,9292.849609
8/12/2010,9212.589844
8/13/2010,9253.459961
8/16/2010,9196.669922
8/17/2010,9161.679688
8/18/2010,9240.540039
8/19/2010,9362.679688
8/20/2010,9179.379883
8/23/2010,9116.69043
8/24/2010,8995.139648
8/25/2010,8845.389648
8/26/2010,8906.480469
8/27/2010,8991.05957
8/30/2010,9149.259766
8/31/2010,8824.05957
9/1/2010,8927.019531
9/2/2010,9062.839844
9/3/2010,9114.129883
9/6/2010,9301.320313
9/7/2010,9226
9/8/2010,9024.599609
9/9/2010,9098.389648
9/10/2010,9239.169922
9/13/2010,9321.820313
9/14/2010,9299.30957
9/16/2010,9509.5
9/17/2010,9626.089844
9/21/2010,9602.110352
9/22/2010,9566.320313
9/24/2010,9471.669922
9/27/2010,9603.139648
9/28/2010,9495.759766
9/29/2010,9559.379883
9/30/2010,9369.349609
10/1/2010,9404.230469
10/4/2010,9381.05957
10/5/2010,9518.759766
10/6/2010,9691.429688
10/7/2010,9684.80957
10/8/2010,9588.879883
10/12/2010,9388.639648
10/13/2010,9403.509766
10/14/2010,9583.509766
10/15/2010,9500.25
10/18/2010,9498.490234
10/19/2010,9539.450195
10/20/2010,9381.599609
10/21/2010,9376.480469
10/22/2010,9426.709961
10/25/2010,9401.160156
10/26/2010,9377.379883
10/27/2010,9387.030273
10/28/2010,9366.030273
10/29/2010,9202.450195
11/1/2010,9154.719727
11/2/2010,9159.980469
11/4/2010,9358.780273
11/5/2010,9625.990234
11/8/2010,9732.919922
11/9/2010,9694.490234
11/10/2010,9830.519531
11/11/2010,9861.459961
11/12/2010,9724.80957
11/15/2010,9827.509766
11/16/2010,9797.099609
11/17/2010,9811.660156
11/18/2010,10013.62988
11/19/2010,10022.38965
11/22/2010,10115.19043
11/24/2010,10030.11035
11/25/2010,10079.75977
11/26/2010,10039.55957
11/29/2010,10125.99023
11/30/2010,9937.040039
12/1/2010,9988.049805
12/2/2010,10168.51953
12/3/2010,10178.32031
12/6/2010,10167.23047
12/7/2010,10141.09961
12/8/2010,10232.33008
12/9/2010,10285.87988
12/10/2010,10211.9502
12/13/2010,10293.88965
12/14/2010,10316.76953
12/15/2010,10309.78027
12/16/2010,10311.29004
12/17/2010,10303.83008
12/20/2010,10216.41016
12/21/2010,10370.53027
12/22/2010,10346.48047
12/24/2010,10279.19043
12/27/2010,10355.99023
12/28/2010,10292.62988
12/29/2010,10344.54004
12/30/2010,10228.91992
1/4/2011,10398.09961
1/5/2011,10380.76953
1/6/2011,10529.75977
1/7/2011,10541.04004
1/11/2011,10510.67969
1/12/2011,10512.79981
1/13/2011,10589.75977
1/14/2011,10499.04004
1/17/2011,10502.86035
1/18/2011,10518.98047
1/19/2011,10557.09961
1/20/2011,10437.30957
1/21/2011,10274.51953
1/24/2011,10345.11035
1/25/2011,10464.41992
1/26/2011,10401.90039
1/27/2011,10478.66016
1/28/2011,10360.33984
1/31/2011,10237.91992
2/1/2011,10274.5
2/2/2011,10457.36035
2/3/2011,10431.36035
2/4/2011,10543.51953
2/7/2011,10592.04004
2/8/2011,10635.98047
2/9/2011,10617.83008
2/10/2011,10605.65039
2/14/2011,10725.54004
2/15/2011,10746.66992
2/16/2011,10808.29004
2/17/2011,10836.63965
2/18/2011,10842.79981
2/21/2011,10857.53027
2/22/2011,10664.7002
2/23/2011,10579.09961
2/24/2011,10452.70996
2/25/2011,10526.75977
2/28/2011,10624.08984
3/1/2011,10754.03027
3/2/2011,10492.37988
3/3/2011,10586.01953
3/4/2011,10693.66016
3/7/2011,10505.01953
3/8/2011,10525.19043
3/9/2011,10589.5
3/10/2011,10434.37988
3/11/2011,10254.42969
3/14/2011,9620.490234
3/15/2011,8605.150391
3/16/2011,9093.719727
3/17/2011,8962.669922
3/18/2011,9206.75
3/22/2011,9608.320313
3/23/2011,9449.469727
3/24/2011,9435.009766
3/25/2011,9536.129883
3/28/2011,9478.530273
3/29/2011,9459.080078
3/30/2011,9708.790039
3/31/2011,9755.099609
4/1/2011,9708.389648
4/4/2011,9718.889648
4/5/2011,9615.549805
4/6/2011,9584.370117
4/7/2011,9590.929688
4/8/2011,9768.080078
4/11/2011,9719.700195
4/12/2011,9555.259766
4/13/2011,9641.179688
4/14/2011,9653.919922
4/15/2011,9591.519531
4/18/2011,9556.650391
4/19/2011,9441.030273
4/20/2011,9606.820313
4/21/2011,9685.769531
4/22/2011,9682.209961
4/25/2011,9671.959961
4/26/2011,9558.69043
4/27/2011,9691.839844
4/28/2011,9849.740234
5/2/2011,10004.2002
5/6/2011,9859.200195
5/9/2011,9794.379883
5/10/2011,9818.759766
5/11/2011,9864.259766
5/12/2011,9716.650391
5/13/2011,9648.769531
5/16/2011,9558.299805
5/17/2011,9567.019531
5/18/2011,9662.080078
5/19/2011,9620.820313
5/20/2011,9607.080078
5/23/2011,9460.629883
5/24/2011,9477.169922
5/25/2011,9422.879883
5/26/2011,9562.049805
5/27/2011,9521.94043
5/30/2011,9504.969727
5/31/2011,9693.730469
6/1/2011,9719.610352
6/2/2011,9555.040039
6/3/2011,9492.209961
6/6/2011,9380.349609
6/7/2011,9442.950195
6/8/2011,9449.459961
6/9/2011,9467.150391
6/10/2011,9514.44043
6/13/2011,9448.209961
6/14/2011,9547.790039
6/15/2011,9574.320313
6/16/2011,9411.280273
6/17/2011,9351.400391
6/20/2011,9354.320313
6/21/2011,9459.660156
6/22/2011,9629.429688
6/23/2011,9596.740234
6/24/2011,9678.709961
6/27/2011,9578.30957
6/28/2011,9648.980469
6/29/2011,9797.259766
6/30/2011,9816.089844
7/1/2011,9868.070313
7/4/2011,9965.089844
7/5/2011,9972.459961
7/6/2011,10082.48047
7/7/2011,10071.13965
7/8/2011,10137.73047
7/11/2011,10069.53027
7/12/2011,9925.919922
7/13/2011,9963.139648
7/14/2011,9936.120117
7/15/2011,9974.469727
7/19/2011,9889.719727
7/20/2011,10005.90039
7/21/2011,10010.38965
7/22/2011,10132.11035
7/25/2011,10050.00977
7/26/2011,10097.71973
7/27/2011,10047.19043
7/28/2011,9901.349609
7/29/2011,9833.030273
8/1/2011,9965.009766
8/2/2011,9844.589844
8/3/2011,9637.139648
8/4/2011,9659.179688
8/5/2011,9299.879883
8/8/2011,9097.55957
8/9/2011,8944.480469
8/10/2011,9038.740234
8/11/2011,8981.94043
8/12/2011,8963.719727
8/15/2011,9086.410156
8/16/2011,9107.429688
8/17/2011,9057.259766
8/18/2011,8943.759766
8/19/2011,8719.240234
8/22/2011,8628.129883
8/23/2011,8733.009766
8/24/2011,8639.610352
8/25/2011,8772.360352
8/26/2011,8797.780273
8/29/2011,8851.349609
8/30/2011,8953.900391
8/31/2011,8955.200195
9/1/2011,9060.799805
9/2/2011,8950.740234
9/5/2011,8784.459961
9/6/2011,8590.570313
9/7/2011,8763.410156
9/8/2011,8793.120117
9/9/2011,8737.660156
9/12/2011,8535.669922
9/13/2011,8616.549805
9/14/2011,8518.570313
9/15/2011,8668.860352
9/16/2011,8864.160156
9/20/2011,8721.240234
9/21/2011,8741.160156
9/22/2011,8560.259766
9/26/2011,8374.129883
9/27/2011,8609.950195
9/28/2011,8615.650391
9/29/2011,8701.230469
9/30/2011,8700.290039
10/3/2011,8545.480469
10/4/2011,8456.120117
10/5/2011,8382.980469
10/6/2011,8522.019531
10/7/2011,8605.620117
10/11/2011,8773.679688
10/12/2011,8738.900391
10/13/2011,8823.25
10/14/2011,8747.959961
10/17/2011,8879.599609
10/18/2011,8741.910156
10/19/2011,8772.540039
10/20/2011,8682.150391
10/21/2011,8678.889648
10/24/2011,8843.980469
10/25/2011,8762.30957
10/26/2011,8748.469727
10/27/2011,8926.540039
10/28/2011,9050.469727
10/31/2011,8988.389648
11/1/2011,8835.519531
11/2/2011,8640.419922
11/4/2011,8801.400391
11/7/2011,8767.089844
11/8/2011,8655.509766
11/9/2011,8755.44043
11/10/2011,8500.799805
11/11/2011,8514.469727
11/14/2011,8603.700195
11/15/2011,8541.929688
11/16/2011,8463.160156
11/17/2011,8479.629883
11/18/2011,8374.910156
11/21/2011,8348.269531
11/22/2011,8314.740234
11/24/2011,8165.180176
11/25/2011,8160.009766
11/28/2011,8287.490234
11/29/2011,8477.820313
11/30/2011,8434.610352
12/1/2011,8597.379883
12/2/2011,8643.75
12/5/2011,8695.980469
12/6/2011,8575.160156
12/7/2011,8722.169922
12/8/2011,8664.580078
12/9/2011,8536.459961
12/12/2011,8653.820313
12/13/2011,8552.80957
12/14/2011,8519.129883
12/15/2011,8377.370117
12/16/2011,8401.719727
12/19/2011,8296.120117
12/20/2011,8336.480469
12/21/2011,8459.980469
12/22/2011,8395.160156
12/26/2011,8479.339844
12/27/2011,8440.55957
12/28/2011,8423.620117
12/29/2011,8398.889648
12/30/2011,8455.349609
1/4/2012,8560.110352
1/5/2012,8488.709961
1/6/2012,8390.349609
1/10/2012,8422.259766
1/11/2012,8447.879883
1/12/2012,8385.589844
1/13/2012,8500.019531
1/16/2012,8378.360352
1/17/2012,8466.400391
1/18/2012,8550.580078
1/19/2012,8639.679688
1/20/2012,8766.360352
1/23/2012,8765.900391
1/24/2012,8785.330078
1/25/2012,8883.69043
1/26/2012,8849.469727
1/27/2012,8841.219727
1/30/2012,8793.049805
1/31/2012,8802.509766
2/1/2012,8809.790039
2/2/2012,8876.820313
2/3/2012,8831.929688
2/6/2012,8929.200195
2/7/2012,8917.519531
2/8/2012,9015.589844
2/9/2012,9002.240234
2/10/2012,8947.169922
2/13/2012,8999.179688
2/14/2012,9052.070313
2/15/2012,9260.339844
2/16/2012,9238.099609
2/17/2012,9384.169922
2/20/2012,9485.089844
2/21/2012,9463.019531
2/22/2012,9554
2/23/2012,9595.570313
2/24/2012,9647.379883
2/27/2012,9633.929688
2/28/2012,9722.519531
2/29/2012,9723.240234
3/1/2012,9707.370117
3/2/2012,9777.030273
3/5/2012,9698.589844
3/6/2012,9637.629883
3/7/2012,9576.05957
3/8/2012,9768.959961
3/9/2012,9929.740234
3/12/2012,9889.860352
3/13/2012,9899.080078
3/14/2012,10050.51953
3/15/2012,10123.28027
3/16/2012,10129.83008
3/19/2012,10141.99023
3/21/2012,10086.49023
3/22/2012,10127.08008
3/23/2012,10011.46973
3/26/2012,10018.24023
3/27/2012,10255.15039
3/28/2012,10182.57031
3/29/2012,10114.79004
3/30/2012,10083.55957
4/2/2012,10109.87012
4/3/2012,10050.38965
4/4/2012,9819.990234
4/5/2012,9767.610352
4/6/2012,9688.450195
4/9/2012,9546.259766
4/10/2012,9538.019531
4/11/2012,9458.740234
4/12/2012,9524.790039
4/13/2012,9637.990234
4/16/2012,9470.639648
4/17/2012,9464.709961
4/18/2012,9667.259766
4/19/2012,9588.379883
4/20/2012,9561.360352
4/23/2012,9542.169922
4/24/2012,9468.040039
4/25/2012,9561.009766
4/26/2012,9561.830078
4/27/2012,9520.889648
5/1/2012,9350.950195
5/2/2012,9380.25
5/7/2012,9119.139648
5/8/2012,9181.650391
5/9/2012,9045.05957
5/10/2012,9009.650391
5/11/2012,8953.30957
5/14/2012,8973.839844
5/15/2012,8900.740234
5/16/2012,8801.169922
5/17/2012,8876.589844
5/18/2012,8611.30957
5/21/2012,8633.889648
5/22/2012,8729.290039
5/23/2012,8556.599609
5/24/2012,8563.379883
5/25/2012,8580.389648
5/28/2012,8593.150391
5/29/2012,8657.080078
5/30/2012,8633.19043
5/31/2012,8542.730469
6/1/2012,8440.25
6/4/2012,8295.629883
6/5/2012,8382
6/6/2012,8533.530273
6/7/2012,8639.719727
6/8/2012,8459.259766
6/11/2012,8624.900391
6/12/2012,8536.719727
6/13/2012,8587.839844
6/14/2012,8568.889648
6/15/2012,8569.320313
6/18/2012,8721.019531
6/19/2012,8655.870117
6/20/2012,8752.30957
6/21/2012,8824.070313
6/22/2012,8798.349609
6/25/2012,8734.620117
6/26/2012,8663.990234
6/27/2012,8730.490234
6/28/2012,8874.110352
6/29/2012,9006.780273
7/2/2012,9003.480469
7/3/2012,9066.589844
7/4/2012,9104.169922
7/5/2012,9079.799805
7/6/2012,9020.75
7/9/2012,8896.879883
7/10/2012,8857.730469
7/11/2012,8851
7/12/2012,8720.009766
7/13/2012,8724.120117
7/17/2012,8755
7/18/2012,8726.740234
7/19/2012,8795.549805
7/20/2012,8669.870117
7/23/2012,8508.320313
7/24/2012,8488.089844
7/25/2012,8365.900391
7/26/2012,8443.099609
7/27/2012,8566.639648
7/30/2012,8635.44043
7/31/2012,8695.05957
8/1/2012,8641.849609
8/2/2012,8653.179688
8/3/2012,8555.110352
8/6/2012,8726.290039
8/7/2012,8803.30957
8/8/2012,8881.160156
8/9/2012,8978.599609
8/10/2012,8891.44043
8/13/2012,8885.150391
8/14/2012,8929.879883
8/15/2012,8925.040039
8/16/2012,9092.759766
8/17/2012,9162.5
8/20/2012,9171.160156
8/21/2012,9156.919922
8/22/2012,9131.740234
8/23/2012,9178.120117
8/24/2012,9070.759766
8/27/2012,9085.389648
8/28/2012,9033.290039
8/29/2012,9069.80957
8/30/2012,8983.780273
8/31/2012,8839.910156
9/3/2012,8783.889648
9/4/2012,8775.509766
9/5/2012,8679.820313
9/6/2012,8680.570313
9/7/2012,8871.650391
9/10/2012,8869.370117
9/11/2012,8807.379883
9/12/2012,8959.959961
9/13/2012,8995.150391
9/14/2012,9159.389648
9/18/2012,9123.769531
9/19/2012,9232.209961
9/20/2012,9086.980469
9/21/2012,9110
9/24/2012,9069.290039
9/25/2012,9091.540039
9/26/2012,8906.700195
9/27/2012,8949.870117
9/28/2012,8870.160156
10/1/2012,8796.509766
10/2/2012,8786.049805
10/3/2012,8746.870117
10/4/2012,8824.589844
10/5/2012,8863.299805
10/9/2012,8769.589844
10/10/2012,8596.230469
10/11/2012,8546.780273
10/12/2012,8534.120117
10/15/2012,8577.929688
10/16/2012,8701.30957
10/17/2012,8806.549805
10/18/2012,8982.860352
10/19/2012,9002.679688
10/22/2012,9010.709961
10/23/2012,9014.25
10/24/2012,8954.299805
10/25/2012,9055.200195
10/26/2012,8933.05957
10/29/2012,8929.339844
10/30/2012,8841.980469
10/31/2012,8928.290039
11/1/2012,8946.870117
11/2/2012,9051.219727
11/5/2012,9007.44043
11/6/2012,8975.150391
11/7/2012,8972.889648
11/8/2012,8837.150391
11/9/2012,8757.599609
11/12/2012,8676.44043
11/13/2012,8661.049805
11/14/2012,8664.730469
11/15/2012,8829.719727
11/16/2012,9024.160156
11/19/2012,9153.200195
11/20/2012,9142.639648
11/21/2012,9222.519531
11/22/2012,9366.799805
11/26/2012,9388.94043
11/27/2012,9423.299805
11/28/2012,9308.349609
11/29/2012,9400.879883
11/30/2012,9446.009766
12/3/2012,9458.179688
12/4/2012,9432.459961
12/5/2012,9468.839844
12/6/2012,9545.160156
12/7/2012,9527.389648
12/10/2012,9533.75
12/11/2012,9525.320313
12/12/2012,9581.459961
12/13/2012,9742.730469
12/14/2012,9737.55957
12/17/2012,9828.879883
12/18/2012,9923.009766
12/19/2012,10160.40039
12/20/2012,10039.33008
12/21/2012,9940.05957
12/25/2012,10080.12012
12/26/2012,10230.36035
12/27/2012,10322.98047
12/28/2012,10395.17969
1/4/2013,10688.11035
1/7/2013,10599.00977
1/8/2013,10508.05957
1/9/2013,10578.57031
1/10/2013,10652.63965
1/11/2013,10801.57031
1/15/2013,10879.08008
1/16/2013,10600.44043
1/17/2013,10609.63965
1/18/2013,10913.29981
1/21/2013,10747.74023
1/22/2013,10709.92969
1/23/2013,10486.99023
1/24/2013,10620.87012
1/25/2013,10926.65039
1/28/2013,10824.30957
1/29/2013,10866.71973
1/30/2013,11113.9502
1/31/2013,11138.66016
2/1/2013,11191.33984
2/4/2013,11260.34961
2/5/2013,11046.91992
2/6/2013,11463.75
2/7/2013,11357.07031
2/8/2013,11153.16016
2/12/2013,11369.12012
2/13/2013,11251.41016
2/14/2013,11307.28027
2/15/2013,11173.83008
2/18/2013,11407.87012
2/19/2013,11372.33984
2/20/2013,11468.28027
2/21/2013,11309.12988
2/22/2013,11385.94043
2/25/2013,11662.51953
2/26/2013,11398.80957
2/27/2013,11253.96973
2/28/2013,11559.36035
3/1/2013,11606.37988
3/4/2013,11652.29004
3/5/2013,11683.4502
3/6/2013,11932.26953
3/7/2013,11968.08008
3/8/2013,12283.62012
3/11/2013,12349.04981
3/12/2013,12314.80957
3/13/2013,12239.66016
3/14/2013,12381.19043
3/15/2013,12560.9502
3/18/2013,12220.62988
3/19/2013,12468.23047
3/21/2013,12635.69043
3/22/2013,12338.53027
3/25/2013,12546.45996
3/26/2013,12471.62012
3/27/2013,12493.79004
3/28/2013,12335.95996
3/29/2013,12397.91016
4/1/2013,12135.01953
4/2/2013,12003.42969
4/3/2013,12362.2002
4/4/2013,12634.54004
4/5/2013,12833.63965
4/8/2013,13192.58984
4/9/2013,13192.34961
4/10/2013,13288.12988
4/11/2013,13549.16016
4/12/2013,13485.13965
4/15/2013,13275.66016
4/16/2013,13221.44043
4/17/2013,13382.88965
4/18/2013,13220.07031
4/19/2013,13316.48047
4/22/2013,13568.37012
4/23/2013,13529.65039
4/24/2013,13843.45996
4/25/2013,13926.08008
4/26/2013,13884.12988
4/30/2013,13860.86035
5/1/2013,13799.34961
5/2/2013,13694.04004
5/7/2013,14180.24023
5/8/2013,14285.69043
5/9/2013,14191.48047
5/10/2013,14607.54004
5/13/2013,14782.20996
5/14/2013,14758.41992
5/15/2013,15096.03027
5/16/2013,15037.24023
5/17/2013,15138.12012
5/20/2013,15360.80957
5/21/2013,15381.01953
5/22/2013,15627.25977
5/23/2013,14483.98047
5/24/2013,14612.4502
5/27/2013,14142.65039
5/28/2013,14311.98047
5/29/2013,14326.45996
5/30/2013,13589.03027
5/31/2013,13774.54004
6/3/2013,13261.82031
6/4/2013,13533.75977
6/5/2013,13014.87012
6/6/2013,12904.01953
6/7/2013,12877.53027
6/10/2013,13514.2002
6/11/2013,13317.62012
6/12/2013,13289.32031
6/13/2013,12445.37988
6/14/2013,12686.51953
6/17/2013,13033.12012
6/18/2013,13007.28027
6/19/2013,13245.21973
6/20/2013,13014.58008
6/21/2013,13230.12988
6/24/2013,13062.78027
6/25/2013,12969.33984
6/26/2013,12834.00977
6/27/2013,13213.54981
6/28/2013,13677.32031
7/1/2013,13852.5
7/2/2013,14098.74023
7/3/2013,14055.55957
7/4/2013,14018.92969
7/5/2013,14309.96973
7/8/2013,14109.33984
7/9/2013,14472.90039
7/10/2013,14416.59961
7/11/2013,14472.58008
7/12/2013,14506.25
7/16/2013,14599.12012
7/17/2013,14615.04004
7/18/2013,14808.5
7/19/2013,14589.91016
7/22/2013,14658.04004
7/23/2013,14778.50977
7/24/2013,14731.28027
7/25/2013,14562.92969
7/26/2013,14129.98047
7/29/2013,13661.12988
7/30/2013,13869.82031
7/31/2013,13668.32031
8/1/2013,14005.76953
8/2/2013,14466.16016
8/5/2013,14258.04004
8/6/2013,14401.05957
8/7/2013,13824.94043
8/8/2013,13605.55957
8/9/2013,13615.19043
8/12/2013,13519.42969
8/13/2013,13867
8/14/2013,14050.16016
8/15/2013,13752.94043
8/16/2013,13650.11035
8/19/2013,13758.12988
8/20/2013,13396.37988
8/21/2013,13424.33008
8/22/2013,13365.16992
8/23/2013,13660.54981
8/26/2013,13636.28027
8/27/2013,13542.37012
8/28/2013,13338.45996
8/29/2013,13459.70996
8/30/2013,13388.86035
9/2/2013,13572.91992
9/3/2013,13978.44043
9/4/2013,14053.87012
9/5/2013,14064.82031
9/6/2013,13860.80957
9/9/2013,14205.23047
9/10/2013,14423.36035
9/11/2013,14425.07031
9/12/2013,14387.26953
9/13/2013,14404.66992
9/17/2013,14311.66992
9/18/2013,14505.36035
9/19/2013,14766.17969
9/20/2013,14742.41992
9/24/2013,14732.61035
9/25/2013,14620.53027
9/26/2013,14799.12012
9/27/2013,14760.07031
9/30/2013,14455.79981
10/1/2013,14484.71973
10/2/2013,14170.49023
10/3/2013,14157.25
10/4/2013,14024.30957
10/7/2013,13853.32031
10/8/2013,13894.61035
10/9/2013,14037.83984
10/10/2013,14194.70996
10/11/2013,14404.74023
10/15/2013,14441.54004
10/16/2013,14467.13965
10/17/2013,14586.50977
10/18/2013,14561.54004
10/21/2013,14693.57031
10/22/2013,14713.25
10/23/2013,14426.04981
10/24/2013,14486.41016
10/25/2013,14088.19043
10/28/2013,14396.04004
10/29/2013,14325.98047
10/30/2013,14502.34961
10/31/2013,14327.94043
11/1/2013,14201.57031
11/5/2013,14225.37012
11/6/2013,14337.30957
11/7/2013,14228.44043
11/8/2013,14086.79981
11/11/2013,14269.83984
11/12/2013,14588.67969
11/13/2013,14567.16016
11/14/2013,14876.41016
11/15/2013,15165.91992
11/18/2013,15164.29981
11/19/2013,15126.55957
11/20/2013,15076.08008
11/21/2013,15365.59961
11/22/2013,15381.71973
11/25/2013,15619.12988
11/26/2013,15515.24023
11/27/2013,15449.62988
11/28/2013,15727.12012
11/29/2013,15661.87012
12/2/2013,15655.07031
12/3/2013,15749.66016
12/4/2013,15407.94043
12/5/2013,15177.49023
12/6/2013,15299.86035
12/9/2013,15650.20996
12/10/2013,15611.30957
12/11/2013,15515.05957
12/12/2013,15341.82031
12/13/2013,15403.11035
12/16/2013,15152.91016
12/17/2013,15278.62988
12/18/2013,15587.79981
12/19/2013,15859.21973
12/20/2013,15870.41992
12/24/2013,15889.33008
12/25/2013,16009.99023
12/26/2013,16174.44043
12/27/2013,16178.94043
12/30/2013,16291.30957
1/6/2014,15908.87988
1/7/2014,15814.37012
1/8/2014,16121.4502
1/9/2014,15880.33008
1/10/2014,15912.05957
1/14/2014,15422.40039
1/15/2014,15808.73047
1/16/2014,15747.2002
1/17/2014,15734.45996
1/20/2014,15641.67969
1/21/2014,15795.95996
1/22/2014,15820.95996
1/23/2014,15695.88965
1/24/2014,15391.55957
1/27/2014,15005.73047
1/28/2014,14980.16016
1/29/2014,15383.91016
1/30/2014,15007.05957
1/31/2014,14914.53027
2/3/2014,14619.12988
2/4/2014,14008.46973
2/5/2014,14180.37988
2/6/2014,14155.12012
2/7/2014,14462.41016
2/10/2014,14718.33984
2/12/2014,14800.05957
2/13/2014,14534.74023
2/14/2014,14313.03027
2/17/2014,14393.11035
2/18/2014,14843.24023
2/19/2014,14766.53027
2/20/2014,14449.17969
2/21/2014,14865.66992
2/24/2014,14837.67969
2/25/2014,15051.59961
2/26/2014,14970.96973
2/27/2014,14923.11035
2/28/2014,14841.07031
3/3/2014,14652.23047
3/4/2014,14721.48047
3/5/2014,14897.62988
3/6/2014,15134.75
3/7/2014,15274.07031
3/10/2014,15120.13965
3/11/2014,15224.11035
3/12/2014,14830.38965
3/13/2014,14815.98047
3/14/2014,14327.66016
3/17/2014,14277.66992
3/18/2014,14411.26953
3/19/2014,14462.51953
3/20/2014,14224.23047
3/24/2014,14475.29981
3/25/2014,14423.19043
3/26/2014,14477.16016
3/27/2014,14622.88965
3/28/2014,14696.03027
3/31/2014,14827.83008
4/1/2014,14791.99023
4/2/2014,14946.32031
4/3/2014,15071.87988
4/4/2014,15063.76953
4/7/2014,14808.84961
4/8/2014,14606.87988
4/9/2014,14299.69043
4/10/2014,14300.12012
4/11/2014,13960.04981
4/14/2014,13910.16016
4/15/2014,13996.80957
4/16/2014,14417.67969
4/17/2014,14417.53027
4/18/2014,14516.26953
4/21/2014,14512.37988
4/22/2014,14388.76953
4/23/2014,14546.26953
4/24/2014,14404.99023
4/25/2014,14429.25977
4/28/2014,14288.23047
4/30/2014,14304.11035
5/1/2014,14485.12988
5/2/2014,14457.50977
5/7/2014,14033.4502
5/8/2014,14163.78027
5/9/2014,14199.58984
5/12/2014,14149.51953
5/13/2014,14425.44043
5/14/2014,14405.75977
5/15/2014,14298.20996
5/16/2014,14096.58984
5/19/2014,14006.44043
5/20/2014,14075.25
5/21/2014,14042.16992
5/22/2014,14337.79004
5/23/2014,14462.16992
5/26/2014,14602.51953
5/27/2014,14636.51953
5/28/2014,14670.9502
5/29/2014,14681.71973
5/30/2014,14632.37988
6/2/2014,14935.91992
6/3/2014,15034.25
6/4/2014,15067.95996
6/5/2014,15079.37012
6/6/2014,15077.24023
6/9/2014,15124
6/10/2014,14994.79981
6/11/2014,15069.48047
6/12/2014,14973.53027
6/13/2014,15097.83984
6/16/2014,14933.29004
6/17/2014,14975.96973
6/18/2014,15115.79981
6/19/2014,15361.16016
6/20/2014,15349.41992
6/23/2014,15369.28027
6/24/2014,15376.24023
6/25/2014,15266.61035
6/26/2014,15308.49023
6/27/2014,15095
6/30/2014,15162.09961
7/1/2014,15326.2002
7/2/2014,15369.96973
7/3/2014,15348.29004
7/4/2014,15437.12988
7/7/2014,15379.44043
7/8/2014,15314.41016
7/9/2014,15302.65039
7/10/2014,15216.46973
7/11/2014,15164.04004
7/14/2014,15296.82031
7/15/2014,15395.16016
7/16/2014,15379.29981
7/17/2014,15370.25977
7/18/2014,15215.70996
7/22/2014,15343.28027
7/23/2014,15328.55957
7/24/2014,15284.41992
7/25/2014,15457.87012
7/28/2014,15529.40039
7/29/2014,15618.07031
7/30/2014,15646.23047
7/31/2014,15620.76953
8/1/2014,15523.11035
8/4/2014,15474.5
8/5/2014,15320.30957
8/6/2014,15159.79004
8/7/2014,15232.37012
8/8/2014,14778.37012
8/11/2014,15130.51953
8/12/2014,15161.30957
8/13/2014,15213.62988
8/14/2014,15314.57031
8/15/2014,15318.33984
8/18/2014,15322.59961
8/19/2014,15449.79004
8/20/2014,15454.4502
8/21/2014,15586.2002
8/22/2014,15539.19043
8/25/2014,15613.25
8/26/2014,15521.21973
8/27/2014,15534.82031
8/28/2014,15459.86035
8/29/2014,15424.58984
9/1/2014,15476.59961
9/2/2014,15668.59961
9/3/2014,15728.34961
9/4/2014,15676.17969
9/5/2014,15668.67969
9/8/2014,15705.11035
9/9/2014,15749.15039
9/10/2014,15788.78027
9/11/2014,15909.2002
9/12/2014,15948.29004
9/16/2014,15911.53027
9/17/2014,15888.66992
9/18/2014,16067.57031
9/19/2014,16321.16992
9/22/2014,16205.90039
9/24/2014,16167.4502
9/25/2014,16374.13965
9/26/2014,16229.86035
9/29/2014,16310.63965
9/30/2014,16173.51953
10/1/2014,16082.25
10/2/2014,15661.99023
10/3/2014,15708.65039
10/6/2014,15890.9502
10/7/2014,15783.83008
10/8/2014,15595.98047
10/9/2014,15478.92969
10/10/2014,15300.54981
10/14/2014,14936.50977
10/15/2014,15073.51953
10/16/2014,14738.37988
10/17/2014,14532.50977
10/20/2014,15111.23047
10/21/2014,14804.28027
10/22/2014,15195.76953
10/23/2014,15138.95996
10/24/2014,15291.63965
10/27/2014,15388.71973
10/28/2014,15329.91016
10/29/2014,15553.91016
10/30/2014,15658.2002
10/31/2014,16413.75977
11/4/2014,16862.4707
11/5/2014,16937.32031
11/6/2014,16792.48047
11/7/2014,16880.38086
11/10/2014,16780.5293
11/11/2014,17124.10938
11/12/2014,17197.05078
11/13/2014,17392.78906
11/14/2014,17490.83008
11/17/2014,16973.80078
11/18/2014,17344.06055
11/19/2014,17288.75
11/20/2014,17300.85938
11/21/2014,17357.50977
11/25/2014,17407.61914
11/26/2014,17383.58008
11/27/2014,17248.5
11/28/2014,17459.84961
12/1/2014,17590.09961
12/2/2014,17663.2207
12/3/2014,17720.42969
12/4/2014,17887.21094
12/5/2014,17920.44922
12/8/2014,17935.64063
12/9/2014,17813.38086
12/10/2014,17412.58008
12/11/2014,17257.40039
12/12/2014,17371.58008
12/15/2014,17099.40039
12/16/2014,16755.32031
12/17/2014,16819.73047
12/18/2014,17210.05078
12/19/2014,17621.40039
12/22/2014,17635.14063
12/24/2014,17854.23047
12/25/2014,17808.75
12/26/2014,17818.96094
12/29/2014,17729.83984
12/30/2014,17450.76953
1/5/2015,17408.71094
1/6/2015,16883.18945
1/7/2015,16885.33008
1/8/2015,17167.09961
1/9/2015,17197.73047
1/13/2015,17087.71094
1/14/2015,16795.96094
1/15/2015,17108.69922
1/16/2015,16864.16016
1/19/2015,17014.28906
1/20/2015,17366.30078
1/21/2015,17280.48047
1/22/2015,17329.01953
1/23/2015,17511.75
1/26/2015,17468.51953
1/27/2015,17768.30078
1/28/2015,17795.73047
1/29/2015,17606.2207
1/30/2015,17674.39063
2/2/2015,17558.03906
2/3/2015,17335.84961
2/4/2015,17678.74023
2/5/2015,17504.61914
2/6/2015,17648.5
2/9/2015,17711.92969
2/10/2015,17652.67969
2/12/2015,17979.7207
2/13/2015,17913.35938
2/16/2015,18004.76953
2/17/2015,17987.08984
2/18/2015,18199.16992
2/19/2015,18264.78906
2/20/2015,18332.30078
2/23/2015,18466.91992
2/24/2015,18603.48047
2/25/2015,18585.19922
2/26/2015,18785.78906
2/27/2015,18797.93945
3/2/2015,18826.88086
3/3/2015,18815.16016
3/4/2015,18703.59961
3/5/2015,18751.83984
3/6/2015,18971
3/9/2015,18790.55078
3/10/2015,18665.10938
3/11/2015,18723.51953
3/12/2015,18991.10938
3/13/2015,19254.25
3/16/2015,19246.06055
3/17/2015,19437
3/18/2015,19544.48047
3/19/2015,19476.56055
3/20/2015,19560.2207
3/23/2015,19754.35938
3/24/2015,19713.44922
3/25/2015,19746.19922
3/26/2015,19471.11914
3/27/2015,19285.63086
3/30/2015,19411.40039
3/31/2015,19206.99023
4/1/2015,19034.83984
4/2/2015,19312.78906
4/3/2015,19435.08008
4/6/2015,19397.98047
4/7/2015,19640.53906
4/8/2015,19789.81055
4/9/2015,19937.7207
4/10/2015,19907.63086
4/13/2015,19905.46094
4/14/2015,19908.67969
4/15/2015,19869.75977
4/16/2015,19885.76953
4/17/2015,19652.88086
4/20/2015,19634.49023
4/21/2015,19909.08984
4/22/2015,20133.90039
4/23/2015,20187.65039
4/24/2015,20020.03906
4/27/2015,19983.32031
4/28/2015,20058.94922
4/30/2015,19520.00977
5/1/2015,19531.63086
5/7/2015,19291.99023
5/8/2015,19379.18945
5/11/2015,19620.91016
5/12/2015,19624.83984
5/13/2015,19764.7207
5/14/2015,19570.24023
5/15/2015,19732.91992
5/18/2015,19890.26953
5/19/2015,20026.38086
5/20/2015,20196.56055
5/21/2015,20202.86914
5/22/2015,20264.41016
5/25/2015,20413.76953
5/26/2015,20437.48047
5/27/2015,20472.58008
5/28/2015,20551.46094
5/29/2015,20563.15039
6/1/2015,20569.86914
6/2/2015,20543.18945
6/3/2015,20473.50977
6/4/2015,20488.18945
6/5/2015,20460.90039
6/8/2015,20457.18945
6/9/2015,20096.30078
6/10/2015,20046.35938
6/11/2015,20382.9707
6/12/2015,20407.08008
6/15/2015,20387.78906
6/16/2015,20257.93945
6/17/2015,20219.26953
6/18/2015,19990.82031
6/19/2015,20174.24023
6/22/2015,20428.18945
6/23/2015,20809.41992
6/24/2015,20868.0293
6/25/2015,20771.40039
6/26/2015,20706.15039
6/29/2015,20109.94922
6/30/2015,20235.73047
7/1/2015,20329.32031
7/2/2015,20522.5
7/3/2015,20539.78906
7/6/2015,20112.11914
7/7/2015,20376.58984
7/8/2015,19737.64063
7/9/2015,19855.5
7/10/2015,19779.83008
7/13/2015,20089.76953
7/14/2015,20385.33008
7/15/2015,20463.33008
7/16/2015,20600.11914
7/17/2015,20650.91992
7/21/2015,20841.9707
7/22/2015,20593.66992
7/23/2015,20683.94922
7/24/2015,20544.5293
7/27/2015,20350.09961
7/28/2015,20328.89063
7/29/2015,20302.91016
7/30/2015,20522.83008
7/31/2015,20585.24023
8/3/2015,20548.10938
8/4/2015,20520.35938
8/5/2015,20614.06055
8/6/2015,20664.43945
8/7/2015,20724.56055
8/10/2015,20808.68945
8/11/2015,20720.75
8/12/2015,20392.76953
8/13/2015,20595.55078
8/14/2015,20519.44922
8/17/2015,20620.25977
8/18/2015,20554.4707
8/19/2015,20222.63086
8/20/2015,20033.51953
8/21/2015,19435.83008
8/24/2015,18540.67969
8/25/2015,17806.69922
8/26/2015,18376.83008
8/27/2015,18574.43945
8/28/2015,19136.32031
8/31/2015,18890.48047
9/1/2015,18165.68945
9/2/2015,18095.40039
9/3/2015,18182.39063
9/4/2015,17792.16016
9/7/2015,17860.4707
9/8/2015,17427.08008
9/9/2015,18770.50977
9/10/2015,18299.61914
9/11/2015,18264.2207
9/14/2015,17965.69922
9/15/2015,18026.48047
9/16/2015,18171.59961
9/17/2015,18432.26953
9/18/2015,18070.21094
9/24/2015,17571.83008
9/25/2015,17880.50977
9/28/2015,17645.10938
9/29/2015,16930.83984
9/30/2015,17388.15039
10/1/2015,17722.41992
10/2/2015,17725.13086
10/5/2015,18005.49023
10/6/2015,18186.09961
10/7/2015,18322.98047
10/8/2015,18141.16992
10/9/2015,18438.66992
10/13/2015,18234.74023
10/14/2015,17891
10/15/2015,18096.90039
10/16/2015,18291.80078
10/19/2015,18131.23047
10/20/2015,18207.15039
10/21/2015,18554.2793
10/22/2015,18435.86914
10/23/2015,18825.30078
10/26/2015,18947.11914
10/27/2015,18777.03906
10/28/2015,18903.01953
10/29/2015,18935.71094
10/30/2015,19083.09961
11/2/2015,18683.24023
11/4/2015,18926.91016
11/5/2015,19116.41016
11/6/2015,19265.59961
11/9/2015,19642.74023
11/10/2015,19671.25977
11/11/2015,19691.39063
11/12/2015,19697.76953
11/13/2015,19596.91016
11/16/2015,19393.68945
11/17/2015,19630.63086
11/18/2015,19649.17969
11/19/2015,19859.81055
11/20/2015,19879.81055
11/24/2015,19924.89063
11/25/2015,19847.58008
11/26/2015,19944.41016
11/27/2015,19883.93945
11/30/2015,19747.4707
12/1/2015,20012.40039
12/2/2015,19938.13086
12/3/2015,19939.90039
12/4/2015,19504.48047
12/7/2015,19698.15039
12/8/2015,19492.59961
12/9/2015,19301.07031
12/10/2015,19046.55078
12/11/2015,19230.48047
12/14/2015,18883.41992
12/15/2015,18565.90039
12/16/2015,19049.91016
12/17/2015,19353.56055
12/18/2015,18986.80078
12/21/2015,18916.01953
12/22/2015,18886.69922
12/24/2015,18789.68945
12/25/2015,18769.06055
12/28/2015,18873.34961
12/29/2015,18982.23047
12/30/2015,19033.71094
1/4/2016,18450.98047
1/5/2016,18374
1/6/2016,18191.32031
1/7/2016,17767.33984
1/8/2016,17697.96094
1/12/2016,17218.96094
1/13/2016,17715.63086
1/14/2016,17240.94922
1/15/2016,17147.10938
1/18/2016,16955.57031
1/19/2016,17048.36914
1/20/2016,16416.18945
1/21/2016,16017.25977
1/22/2016,16958.5293
1/25/2016,17110.91016
1/26/2016,16708.90039
1/27/2016,17163.91992
1/28/2016,17041.44922
1/29/2016,17518.30078
2/1/2016,17865.23047
2/2/2016,17750.67969
2/3/2016,17191.25
2/4/2016,17044.99023
2/5/2016,16819.58984
2/8/2016,17004.30078
2/9/2016,16085.44043
2/10/2016,15713.38965
2/12/2016,14952.61035
2/15/2016,16022.58008
2/16/2016,16054.42969
2/17/2016,15836.36035
2/18/2016,16196.79981
2/19/2016,15967.16992
2/22/2016,16111.04981
2/23/2016,16052.04981
2/24/2016,15915.79004
2/25/2016,16140.33984
2/26/2016,16188.41016
2/29/2016,16026.75977
3/1/2016,16085.50977
3/2/2016,16746.55078
3/3/2016,16960.16016
3/4/2016,17014.7793
3/7/2016,16911.32031
3/8/2016,16783.15039
3/9/2016,16642.19922
3/10/2016,16852.34961
3/11/2016,16938.86914
3/14/2016,17233.75
3/15/2016,17117.07031
3/16/2016,16974.44922
3/17/2016,16936.38086
3/18/2016,16724.81055
3/22/2016,17048.55078
3/23/2016,17000.98047
3/24/2016,16892.33008
3/25/2016,17002.75
3/28/2016,17134.36914
3/29/2016,17103.5293
3/30/2016,16878.96094
3/31/2016,16758.66992
4/1/2016,16164.16016
4/4/2016,16123.26953
4/5/2016,15732.82031
4/6/2016,15715.36035
4/7/2016,15749.83984
4/8/2016,15821.51953
4/11/2016,15751.12988
4/12/2016,15928.79004
4/13/2016,16381.21973
4/14/2016,16911.05078
4/15/2016,16848.0293
4/18/2016,16275.9502
4/19/2016,16874.43945
4/20/2016,16906.53906
4/21/2016,17363.61914
4/22/2016,17572.49023
4/25/2016,17439.30078
4/26/2016,17353.2793
4/27/2016,17290.49023
4/28/2016,16666.05078
5/2/2016,16147.37988
5/6/2016,16106.71973
5/9/2016,16216.03027
5/10/2016,16565.18945
5/11/2016,16579.00977
5/12/2016,16646.33984
5/13/2016,16412.21094
5/16/2016,16466.40039
5/17/2016,16652.80078
5/18/2016,16644.68945
5/19/2016,16646.66016
5/20/2016,16736.34961
5/23/2016,16654.59961
5/24/2016,16498.75977
5/25/2016,16757.34961
5/26/2016,16772.46094
5/27/2016,16834.83984
5/30/2016,17068.01953
5/31/2016,17234.98047
6/1/2016,16955.73047
6/2/2016,16562.55078
6/3/2016,16642.23047
6/6/2016,16580.0293
6/7/2016,16675.44922
6/8/2016,16830.91992
6/9/2016,16668.41016
6/10/2016,16601.35938
6/13/2016,16019.17969
6/14/2016,15859
6/15/2016,15919.58008
6/16/2016,15434.13965
6/17/2016,15599.66016
6/20/2016,15965.29981
6/21/2016,16169.11035
6/22/2016,16065.71973
6/23/2016,16238.34961
6/24/2016,14952.01953
6/27/2016,15309.20996
6/28/2016,15323.13965
6/29/2016,15566.83008
6/30/2016,15575.91992
7/1/2016,15682.48047
7/4/2016,15775.79981
7/5/2016,15669.33008
7/6/2016,15378.99023
7/7/2016,15276.24023
7/8/2016,15106.98047
7/11/2016,15708.82031
7/12/2016,16095.65039
7/13/2016,16231.42969
7/14/2016,16385.89063
7/15/2016,16497.84961
7/19/2016,16723.31055
7/20/2016,16681.89063
7/21/2016,16810.2207
7/22/2016,16627.25
7/25/2016,16620.28906
7/26/2016,16383.04004
7/27/2016,16664.82031
7/28/2016,16476.83984
7/29/2016,16569.26953
8/1/2016,16635.76953
8/2/2016,16391.44922
8/3/2016,16083.11035
8/4/2016,16254.88965
8/5/2016,16254.4502
8/8/2016,16650.57031
8/9/2016,16764.9707
8/10/2016,16735.11914
8/12/2016,16919.91992
8/15/2016,16869.56055
8/16/2016,16596.50977
8/17/2016,16745.64063
8/18/2016,16486.00977
8/19/2016,16545.82031
8/22/2016,16598.18945
8/23/2016,16497.35938
8/24/2016,16597.30078
8/25/2016,16555.94922
8/26/2016,16360.70996
8/29/2016,16737.49023
8/30/2016,16725.35938
8/31/2016,16887.40039
9/1/2016,16926.83984
9/2/2016,16925.67969
9/5/2016,17037.63086
9/6/2016,17081.98047
9/7/2016,17012.43945
9/8/2016,16958.76953
9/9/2016,16965.75977
9/12/2016,16672.91992
9/13/2016,16729.03906
9/14/2016,16614.24023
9/15/2016,16405.00977
9/16/2016,16519.28906
9/20/2016,16492.15039
9/21/2016,16807.61914
9/23/2016,16754.01953
9/26/2016,16544.56055
9/27/2016,16683.92969
9/28/2016,16465.40039
9/29/2016,16693.71094
9/30/2016,16449.83984
10/3/2016,16598.66992
10/4/2016,16735.65039
10/5/2016,16819.24023
10/6/2016,16899.09961
10/7/2016,16860.08984
10/11/2016,17024.75977
10/12/2016,16840
10/13/2016,16774.24023
10/14/2016,16856.36914
10/17/2016,16900.11914
10/18/2016,16963.60938
10/19/2016,16998.91016
10/20/2016,17235.5
10/21/2016,17184.58984
10/24/2016,17234.41992
10/25/2016,17365.25
10/26/2016,17391.83984
10/27/2016,17336.41992
10/28/2016,17446.41016
10/31/2016,17425.01953
11/1/2016,17442.40039
11/2/2016,17134.67969
11/4/2016,16905.35938
11/7/2016,17177.21094
11/8/2016,17171.38086
11/9/2016,16251.54004
11/10/2016,17344.41992
11/11/2016,17374.78906
11/14/2016,17672.61914
11/15/2016,17668.15039
11/16/2016,17862.21094
11/17/2016,17862.63086
11/18/2016,17967.41016
11/21/2016,18106.01953
11/22/2016,18162.93945
11/24/2016,18333.41016
11/25/2016,18381.2207
11/28/2016,18356.89063
11/29/2016,18307.03906
11/30/2016,18308.48047
12/1/2016,18513.11914
12/2/2016,18426.08008
12/5/2016,18274.99023
12/6/2016,18360.53906
12/7/2016,18496.68945
12/8/2016,18765.4707
12/9/2016,18996.36914
12/12/2016,19155.0293
12/13/2016,19250.51953
12/14/2016,19253.60938
12/15/2016,19273.78906
12/16/2016,19401.15039
12/19/2016,19391.59961
12/20/2016,19494.5293
12/21/2016,19444.49023
12/22/2016,19427.66992
12/26/2016,19396.64063
12/27/2016,19403.06055
12/28/2016,19401.7207
12/29/2016,19145.14063
12/30/2016,19114.36914
1/4/2017,19594.16016
1/5/2017,19520.68945
1/6/2017,19454.33008
1/10/2017,19301.43945
1/11/2017,19364.66992
1/12/2017,19134.69922
1/13/2017,19287.2793
1/16/2017,19095.24023
1/17/2017,18813.5293
1/18/2017,18894.36914
1/19/2017,19072.25
1/20/2017,19137.91016
1/23/2017,18891.0293
1/24/2017,18787.99023
1/25/2017,19057.5
1/26/2017,19402.39063
1/27/2017,19467.40039
1/30/2017,19368.84961
1/31/2017,19041.33984
2/1/2017,19148.08008
2/2/2017,18914.58008
2/3/2017,18918.19922
2/6/2017,18976.71094
2/7/2017,18910.7793
2/8/2017,19007.59961
2/9/2017,18907.66992
2/10/2017,19378.92969
2/13/2017,19459.15039
2/14/2017,19238.98047
2/15/2017,19437.98047
2/16/2017,19347.5293
2/17/2017,19234.61914
2/20/2017,19251.08008
2/21/2017,19381.43945
2/22/2017,19379.86914
2/23/2017,19371.46094
2/24/2017,19283.53906
2/27/2017,19107.4707
2/28/2017,19118.99023
3/1/2017,19393.53906
3/2/2017,19564.80078
3/3/2017,19469.16992
3/6/2017,19379.14063
3/7/2017,19344.15039
3/8/2017,19254.0293
3/9/2017,19318.58008
3/10/2017,19604.60938
3/13/2017,19633.75
3/14/2017,19609.5
3/15/2017,19577.38086
3/16/2017,19590.14063
3/17/2017,19521.58984
3/21/2017,19455.88086
3/22/2017,19041.38086
3/23/2017,19085.31055
3/24/2017,19262.5293
3/27/2017,18985.58984
3/28/2017,19202.86914
3/29/2017,19217.48047
3/30/2017,19063.2207
3/31/2017,18909.25977
4/3/2017,18983.23047
4/4/2017,18810.25
4/5/2017,18861.26953
4/6/2017,18597.06055
4/7/2017,18664.63086
4/10/2017,18797.88086
4/11/2017,18747.86914
4/12/2017,18552.60938
4/13/2017,18426.83984
4/14/2017,18335.63086
4/17/2017,18355.25977
4/18/2017,18418.58984
4/19/2017,18432.19922
4/20/2017,18430.49023
4/21/2017,18620.75
4/24/2017,18875.88086
4/25/2017,19079.33008
4/26/2017,19289.42969
4/27/2017,19251.86914
4/28/2017,19196.74023
5/1/2017,19310.51953
5/2/2017,19445.69922
5/8/2017,19895.69922
5/9/2017,19843
5/10/2017,19900.08984
5/11/2017,19961.55078
5/12/2017,19883.90039
5/15/2017,19869.84961
5/16/2017,19919.82031
5/17/2017,19814.88086
5/18/2017,19553.85938
5/19/2017,19590.75977
5/22/2017,19678.2793
5/23/2017,19613.2793
5/24/2017,19742.98047
5/25/2017,19813.13086
5/26/2017,19686.83984
5/29/2017,19682.57031
5/30/2017,19677.84961
5/31/2017,19650.57031
6/1/2017,19860.0293
6/2/2017,20177.2793
6/5/2017,20170.82031
6/6/2017,19979.90039
6/7/2017,19984.61914
6/8/2017,19909.25977
6/9/2017,20013.25977
6/12/2017,19908.58008
6/13/2017,19898.75
6/14/2017,19883.51953
6/15/2017,19831.82031
6/16/2017,19943.25977
6/19/2017,20067.75
6/20/2017,20230.41016
6/21/2017,20138.78906
6/22/2017,20110.50977
6/23/2017,20132.66992
6/26/2017,20153.34961
6/27/2017,20225.08984
6/28/2017,20130.41016
6/29/2017,20220.30078
6/30/2017,20033.42969
7/3/2017,20055.80078
7/4/2017,20032.34961
7/5/2017,20081.63086
7/6/2017,19994.06055
7/7/2017,19929.08984
7/10/2017,20080.98047
7/11/2017,20195.48047
7/12/2017,20098.38086
7/13/2017,20099.81055
7/14/2017,20118.85938
7/17/2017,null
7/18/2017,19999.91016
7/19/2017,20020.85938
7/20/2017,20144.58984
7/21/2017,20099.75
7/24/2017,19975.66992
7/25/2017,19955.19922
7/26/2017,20050.16016
7/27/2017,20079.64063
7/28/2017,19959.83984
7/31/2017,19925.17969
8/1/2017,19985.78906
8/2/2017,20080.03906
8/3/2017,20029.25977
8/4/2017,19952.33008
8/7/2017,20055.89063
8/8/2017,19996.00977
8/9/2017,19738.71094
8/10/2017,19729.74023
8/11/2017,null
8/14/2017,19537.09961
8/15/2017,19753.31055
8/16/2017,19729.2793
8/17/2017,19702.63086
8/18/2017,19470.41016
8/21/2017,19393.13086
8/22/2017,19383.83984
8/23/2017,19434.64063
8/24/2017,19353.76953
8/25/2017,19452.60938
8/28/2017,19449.90039
8/29/2017,19362.55078
8/30/2017,19506.53906
8/31/2017,19646.24023
9/1/2017,19691.4707
9/4/2017,19508.25
9/5/2017,19385.81055
9/6/2017,19357.9707
9/7/2017,19396.51953
9/8/2017,19274.82031
9/11/2017,19545.76953
9/12/2017,19776.61914
9/13/2017,19865.82031
9/14/2017,19807.43945
9/15/2017,19909.5
9/18/2017,null
9/19/2017,20299.38086
9/20/2017,20310.46094
9/21/2017,20347.48047
9/22/2017,20296.44922
9/25/2017,20397.58008
9/26/2017,20330.18945
9/27/2017,20267.05078
9/28/2017,20363.10938
9/29/2017,20356.2793
10/2/2017,20400.7793
10/3/2017,20614.07031
10/4/2017,20626.66016
10/5/2017,20628.56055
10/6/2017,20690.71094
10/9/2017,null
10/10/2017,20823.50977
10/11/2017,20881.26953
10/12/2017,20954.7207
10/13/2017,21155.17969
10/16/2017,21255.56055
10/17/2017,21336.11914
10/18/2017,21363.05078
10/19/2017,21448.51953
10/20/2017,21457.64063
10/23/2017,21696.65039
10/24/2017,21805.16992
10/25/2017,21707.61914
10/26/2017,21739.7793
10/27/2017,22008.44922
10/30/2017,22011.66992
10/31/2017,22011.60938
11/1/2017,22420.08008
11/2/2017,22539.11914
11/3/2017,22539.11914
11/6/2017,22548.34961
11/7/2017,22937.59961
11/8/2017,22913.82031
11/9/2017,22868.71094
11/10/2017,22681.41992
11/13/2017,22380.99023
11/14/2017,22380.00977
11/15/2017,22028.32031
11/16/2017,22351.11914
11/17/2017,22396.80078
11/20/2017,22261.75977
11/21/2017,22416.48047
11/22/2017,22523.15039
11/23/2017,null
11/24/2017,22550.84961
11/27/2017,22495.99023
11/28/2017,22486.24023
11/29/2017,22597.19922
11/30/2017,22724.96094
12/1/2017,22819.0293
12/4/2017,22707.16016
12/5/2017,22622.38086
12/6/2017,22177.03906
12/7/2017,22498.0293
12/8/2017,22811.08008
12/11/2017,22938.73047
12/12/2017,22866.16992
12/13/2017,22758.07031
12/14/2017,22694.44922
12/15/2017,22553.2207
12/18/2017,22901.76953
12/19/2017,22868
12/20/2017,22891.7207
12/21/2017,22866.09961
12/22/2017,22902.75977
12/25/2017,22939.17969
12/26/2017,22892.68945
12/27/2017,22911.21094
12/28/2017,22783.98047
12/29/2017,22764.93945
1/1/2018,null
1/2/2018,null
1/3/2018,null
1/4/2018,23506.33008
1/5/2018,23714.5293
1/8/2018,null
1/9/2018,23849.99023
1/10/2018,23788.19922
1/11/2018,23710.42969
1/12/2018,23653.82031
1/15/2018,23714.88086
1/16/2018,23951.81055
1/17/2018,23868.33984
1/18/2018,23763.36914
1/19/2018,23808.06055
1/22/2018,23816.33008
1/23/2018,24124.15039
1/24/2018,23940.7793
1/25/2018,23669.49023
1/26/2018,23631.88086
1/29/2018,23629.33984
1/30/2018,23291.9707
1/31/2018,23098.28906
2/1/2018,23486.10938
2/2/2018,23274.5293
2/5/2018,22682.08008
2/6/2018,21610.24023
2/7/2018,21645.36914
2/8/2018,21890.85938
2/9/2018,21382.61914
2/12/2018,null
2/13/2018,21244.67969
2/14/2018,21154.16992
2/15/2018,21464.98047
2/16/2018,21720.25
2/19/2018,22149.21094
2/20/2018,21925.09961
2/21/2018,21970.81055
2/22/2018,21736.43945
2/23/2018,21892.7793
2/26/2018,22153.63086
2/27/2018,22389.85938
2/28/2018,22068.24023
3/1/2018,21724.4707
3/2/2018,21181.64063
3/5/2018,21042.08984
3/6/2018,21417.75977
3/7/2018,21252.7207
3/8/2018,21368.07031
3/9/2018,21469.19922
3/12/2018,21824.0293
3/13/2018,21968.09961
3/14/2018,21777.28906
3/15/2018,21803.94922
3/16/2018,21676.50977
3/19/2018,21480.90039
3/20/2018,21380.9707
3/21/2018,null
3/22/2018,21591.99023
3/23/2018,20617.85938
3/26/2018,20766.09961
3/27/2018,21317.32031
3/28/2018,21031.31055
3/29/2018,21159.08008
3/30/2018,21454.30078
4/2/2018,21388.58008
4/3/2018,21292.28906
4/4/2018,21319.55078
4/5/2018,21645.41992
4/6/2018,21567.51953
4/9/2018,21678.25977
4/10/2018,21794.32031
4/11/2018,21687.09961
4/12/2018,21660.2793
4/13/2018,21778.74023
4/16/2018,21835.5293
4/17/2018,21847.58984
4/18/2018,22158.19922
4/19/2018,22191.17969
4/20/2018,22162.24023
4/23/2018,22088.03906
4/24/2018,22278.11914
4/25/2018,22215.32031
4/26/2018,22319.60938
4/27/2018,22467.86914
4/30/2018,null
5/1/2018,22508.0293
5/2/2018,22472.7793
5/3/2018,null
5/4/2018,null
5/7/2018,22467.16016
5/8/2018,22508.68945
5/9/2018,22408.88086
5/10/2018,22497.17969
5/11/2018,22758.48047
5/14/2018,22865.85938
5/15/2018,22818.01953
5/16/2018,22717.23047
5/17/2018,22838.36914
5/18/2018,22930.35938
5/21/2018,23002.36914
5/22/2018,22960.33984
5/23/2018,22689.74023
5/24/2018,22437.00977
5/25/2018,22450.78906
5/28/2018,22481.08984
5/29/2018,22358.42969
5/30/2018,22018.51953
5/31/2018,22201.82031
6/1/2018,22171.34961
6/4/2018,22475.93945
6/5/2018,22539.53906
6/6/2018,22625.73047
6/7/2018,22823.25977
6/8/2018,22694.5
6/11/2018,22804.03906
6/12/2018,22878.34961
6/13/2018,22966.38086
6/14/2018,22738.60938
6/15/2018,22851.75
6/18/2018,22680.33008
6/19/2018,22278.48047
6/20/2018,22555.42969
6/21/2018,22693.03906
6/22/2018,22516.83008
6/25/2018,22338.15039
6/26/2018,22342
6/27/2018,22271.76953
6/28/2018,22270.39063
6/29/2018,22304.50977
7/2/2018,21811.92969
7/3/2018,21785.53906
7/4/2018,21717.03906
7/5/2018,21546.99023
7/6/2018,21788.14063
7/9/2018,22052.17969
7/10/2018,22196.89063
7/11/2018,21932.21094
7/12/2018,22187.96094
7/13/2018,22597.34961
7/16/2018,22597.34961
7/17/2018,22697.35938
7/18/2018,22794.18945
7/19/2018,22764.67969
7/20/2018,22697.88086
7/23/2018,22396.99023
7/24/2018,22510.48047
7/25/2018,22614.25
7/26/2018,22586.86914
7/27/2018,22712.75
7/30/2018,22544.83984
7/31/2018,22553.7207
8/1/2018,22746.69922
8/2/2018,22512.5293
8/3/2018,22525.17969
8/6/2018,22507.32031
8/7/2018,22662.74023
8/8/2018,22644.31055
8/9/2018,22598.39063
8/10/2018,22298.08008
8/13/2018,21857.42969
8/14/2018,22356.08008
8/15/2018,22204.2207
8/16/2018,22192.03906
8/17/2018,22270.38086
8/20/2018,22199
8/21/2018,22219.73047
8/22/2018,22362.55078
8/23/2018,22410.82031
8/24/2018,22601.76953
8/27/2018,22799.64063
8/28/2018,22813.4707
8/29/2018,22848.2207
8/30/2018,22869.5
8/31/2018,22865.15039
9/3/2018,22707.38086
9/4/2018,22696.90039
9/5/2018,22580.83008
9/6/2018,22487.93945
9/7/2018,22307.06055
9/10/2018,22373.08984
9/11/2018,22664.68945
9/12/2018,22604.60938
9/13/2018,22821.32031
9/14/2018,23094.66992
9/17/2018,null
9/18/2018,23420.53906
9/19/2018,23672.51953
9/20/2018,23674.92969
9/21/2018,23869.92969
9/24/2018,null
9/25/2018,23940.25977
9/26/2018,24033.78906
9/27/2018,23796.74023
9/28/2018,24120.03906
10/1/2018,24245.75977
10/2/2018,24270.61914
10/3/2018,24110.96094
10/4/2018,23975.61914
10/5/2018,23783.7207
10/8/2018,null
10/9/2018,23469.39063
10/10/2018,23506.03906
10/11/2018,22590.85938
10/12/2018,22694.66016
10/15/2018,22271.30078
10/16/2018,22549.24023
10/17/2018,22841.11914
10/18/2018,22658.16016
10/19/2018,22532.08008
10/22/2018,22614.82031
10/23/2018,22010.7793
10/24/2018,22091.17969
10/25/2018,21268.73047
10/26/2018,21184.59961
10/29/2018,21149.80078
10/30/2018,21457.28906
10/31/2018,21920.46094
11/1/2018,21687.65039
11/2/2018,22243.66016
11/5/2018,21898.99023
11/6/2018,22147.75
11/7/2018,22085.80078
11/8/2018,22486.91992
11/9/2018,22250.25
11/12/2018,22269.88086
11/13/2018,21810.51953
11/14/2018,21846.48047
11/15/2018,21803.61914
11/16/2018,21680.33984
11/19/2018,21821.16016
11/20/2018,21583.11914
11/21/2018,21507.53906
11/22/2018,21646.55078
11/23/2018,null
11/26/2018,21812
11/27/2018,21952.40039
11/28/2018,22177.01953
11/29/2018,22262.59961
11/30/2018,22351.06055
12/3/2018,22574.75977
12/4/2018,22036.05078
12/5/2018,21919.33008
12/6/2018,21501.61914
12/7/2018,21678.67969
12/10/2018,21219.5
12/11/2018,21148.01953
12/12/2018,21602.75
12/13/2018,21816.18945
12/14/2018,21374.83008
12/17/2018,21506.88086
12/18/2018,21115.44922
12/19/2018,20987.91992
12/20/2018,20392.58008
12/21/2018,20166.18945
12/24/2018,null
12/25/2018,19155.74023
12/26/2018,19327.06055
12/27/2018,20077.61914
12/28/2018,20014.76953
